"ensembl","satz"
"ENSG00000097007","S_ZELLZYKLUS"
"ENSG00000075624","S_ZELLZYKLUS"
"ENSG00000136518","S_ZELLZYKLUS"
"ENSG00000115170","S_ZELLZYKLUS"
"ENSG00000135503","S_ZELLZYKLUS"
"ENSG00000197381","S_ZELLZYKLUS"
"ENSG00000141433","S_ZELLZYKLUS"
"ENSG00000204472","S_ZELLZYKLUS"
"ENSG00000235588","S_ZELLZYKLUS"
"ENSG00000206428","S_ZELLZYKLUS"
"ENSG00000237727","S_ZELLZYKLUS"
"ENSG00000234836","S_ZELLZYKLUS"
"ENSG00000235985","S_ZELLZYKLUS"
"ENSG00000142208","S_ZELLZYKLUS"
"ENSG00000105221","S_ZELLZYKLUS"
"ENSG00000179593","S_ZELLZYKLUS"
"ENSG00000136717","S_ZELLZYKLUS"
"ENSG00000151150","S_ZELLZYKLUS"
"ENSG00000005022","S_ZELLZYKLUS"
"ENSG00000135046","S_ZELLZYKLUS"
"ENSG00000122359","S_ZELLZYKLUS"
"ENSG00000166313","S_ZELLZYKLUS"
"ENSG00000163697","S_ZELLZYKLUS"
"ENSG00000134982","S_ZELLZYKLUS"
"ENSG00000110330","S_ZELLZYKLUS"
"ENSG00000023445","S_ZELLZYKLUS"
"ENSG00000101966","S_ZELLZYKLUS"
"ENSG00000089685","S_ZELLZYKLUS"
"ENSG00000142192","S_ZELLZYKLUS"
"ENSG00000143761","S_ZELLZYKLUS"
"ENSG00000165527","S_ZELLZYKLUS"
"ENSG00000067560","S_ZELLZYKLUS"
"ENSG00000143878","S_ZELLZYKLUS"
"ENSG00000155366","S_ZELLZYKLUS"
"ENSG00000213465","S_ZELLZYKLUS"
"ENSG00000138175","S_ZELLZYKLUS"
"ENSG00000133794","S_ZELLZYKLUS"
"ENSG00000139352","S_ZELLZYKLUS"
"ENSG00000070669","S_ZELLZYKLUS"
"ENSG00000149311","S_ZELLZYKLUS"
"ENSG00000058668","S_ZELLZYKLUS"
"ENSG00000175054","S_ZELLZYKLUS"
"ENSG00000085224","S_ZELLZYKLUS"
"ENSG00000030110","S_ZELLZYKLUS"
"ENSG00000138376","S_ZELLZYKLUS"
"ENSG00000087088","S_ZELLZYKLUS"
"ENSG00000140463","S_ZELLZYKLUS"
"ENSG00000060982","S_ZELLZYKLUS"
"ENSG00000110092","S_ZELLZYKLUS"
"ENSG00000171791","S_ZELLZYKLUS"
"ENSG00000171552","S_ZELLZYKLUS"
"ENSG00000113916","S_ZELLZYKLUS"
"ENSG00000110987","S_ZELLZYKLUS"
"ENSG00000186716","S_ZELLZYKLUS"
"ENSG00000015475","S_ZELLZYKLUS"
"ENSG00000197299","S_ZELLZYKLUS"
"ENSG00000160683","S_ZELLZYKLUS"
"ENSG00000125845","S_ZELLZYKLUS"
"ENSG00000125378","S_ZELLZYKLUS"
"ENSG00000101144","S_ZELLZYKLUS"
"ENSG00000012048","S_ZELLZYKLUS"
"ENSG00000139618","S_ZELLZYKLUS"
"ENSG00000137948","S_ZELLZYKLUS"
"ENSG00000185650","S_ZELLZYKLUS"
"ENSG00000152518","S_ZELLZYKLUS"
"ENSG00000174808","S_ZELLZYKLUS"
"ENSG00000169679","S_ZELLZYKLUS"
"ENSG00000156970","S_ZELLZYKLUS"
"ENSG00000164823","S_ZELLZYKLUS"
"ENSG00000182389","S_ZELLZYKLUS"
"ENSG00000198668","S_ZELLZYKLUS"
"ENSG00000143933","S_ZELLZYKLUS"
"ENSG00000160014","S_ZELLZYKLUS"
"ENSG00000179218","S_ZELLZYKLUS"
"ENSG00000070808","S_ZELLZYKLUS"
"ENSG00000092529","S_ZELLZYKLUS"
"ENSG00000106144","S_ZELLZYKLUS"
"ENSG00000164305","S_ZELLZYKLUS"
"ENSG00000105971","S_ZELLZYKLUS"
"ENSG00000020633","S_ZELLZYKLUS"
"ENSG00000145386","S_ZELLZYKLUS"
"ENSG00000134057","S_ZELLZYKLUS"
"ENSG00000112237","S_ZELLZYKLUS"
"ENSG00000118971","S_ZELLZYKLUS"
"ENSG00000112576","S_ZELLZYKLUS"
"ENSG00000105173","S_ZELLZYKLUS"
"ENSG00000162063","S_ZELLZYKLUS"
"ENSG00000113328","S_ZELLZYKLUS"
"ENSG00000138764","S_ZELLZYKLUS"
"ENSG00000134480","S_ZELLZYKLUS"
"ENSG00000129315","S_ZELLZYKLUS"
"ENSG00000082258","S_ZELLZYKLUS"
"ENSG00000178562","S_ZELLZYKLUS"
"ENSG00000170312","S_ZELLZYKLUS"
"ENSG00000248333","S_ZELLZYKLUS"
"ENSG00000096401","S_ZELLZYKLUS"
"ENSG00000122545","S_ZELLZYKLUS"
"ENSG00000094804","S_ZELLZYKLUS"
"ENSG00000117399","S_ZELLZYKLUS"
"ENSG00000164045","S_ZELLZYKLUS"
"ENSG00000101224","S_ZELLZYKLUS"
"ENSG00000158402","S_ZELLZYKLUS"
"ENSG00000004897","S_ZELLZYKLUS"
"ENSG00000099804","S_ZELLZYKLUS"
"ENSG00000070831","S_ZELLZYKLUS"
"ENSG00000123374","S_ZELLZYKLUS"
"ENSG00000250506","S_ZELLZYKLUS"
"ENSG00000135446","S_ZELLZYKLUS"
"ENSG00000164885","S_ZELLZYKLUS"
"ENSG00000105810","S_ZELLZYKLUS"
"ENSG00000134058","S_ZELLZYKLUS"
"ENSG00000277273","S_ZELLZYKLUS"
"ENSG00000132964","S_ZELLZYKLUS"
"ENSG00000136807","S_ZELLZYKLUS"
"ENSG00000124762","S_ZELLZYKLUS"
"ENSG00000111276","S_ZELLZYKLUS"
"ENSG00000129757","S_ZELLZYKLUS"
"ENSG00000273707","S_ZELLZYKLUS"
"ENSG00000147889","S_ZELLZYKLUS"
"ENSG00000147883","S_ZELLZYKLUS"
"ENSG00000123080","S_ZELLZYKLUS"
"ENSG00000129355","S_ZELLZYKLUS"
"ENSG00000100526","S_ZELLZYKLUS"
"ENSG00000245848","S_ZELLZYKLUS"
"ENSG00000115163","S_ZELLZYKLUS"
"ENSG00000145241","S_ZELLZYKLUS"
"ENSG00000138778","S_ZELLZYKLUS"
"ENSG00000117724","S_ZELLZYKLUS"
"ENSG00000177143","S_ZELLZYKLUS"
"ENSG00000147400","S_ZELLZYKLUS"
"ENSG00000292191","S_ZELLZYKLUS"
"ENSG00000153140","S_ZELLZYKLUS"
"ENSG00000172757","S_ZELLZYKLUS"
"ENSG00000180198","S_ZELLZYKLUS"
"ENSG00000170004","S_ZELLZYKLUS"
"ENSG00000149554","S_ZELLZYKLUS"
"ENSG00000053254","S_ZELLZYKLUS"
"ENSG00000173207","S_ZELLZYKLUS"
"ENSG00000123975","S_ZELLZYKLUS"
"ENSG00000141367","S_ZELLZYKLUS"
"ENSG00000173846","S_ZELLZYKLUS"
"ENSG00000115966","S_ZELLZYKLUS"
"ENSG00000008405","S_ZELLZYKLUS"
"ENSG00000112062","S_ZELLZYKLUS"
"ENSG00000141551","S_ZELLZYKLUS"
"ENSG00000101266","S_ZELLZYKLUS"
"ENSG00000070770","S_ZELLZYKLUS"
"ENSG00000159692","S_ZELLZYKLUS"
"ENSG00000168036","S_ZELLZYKLUS"
"ENSG00000083799","S_ZELLZYKLUS"
"ENSG00000140465","S_ZELLZYKLUS"
"ENSG00000111012","S_ZELLZYKLUS"
"ENSG00000276644","S_ZELLZYKLUS"
"ENSG00000167657","S_ZELLZYKLUS"
"ENSG00000092345","S_ZELLZYKLUS"
"ENSG00000078725","S_ZELLZYKLUS"
"ENSG00000204843","S_ZELLZYKLUS"
"ENSG00000167986","S_ZELLZYKLUS"
"ENSG00000116717","S_ZELLZYKLUS"
"ENSG00000175197","S_ZELLZYKLUS"
"ENSG00000215301","S_ZELLZYKLUS"
"ENSG00000013573","S_ZELLZYKLUS"
"ENSG00000180096","S_ZELLZYKLUS"
"ENSG00000075711","S_ZELLZYKLUS"
"ENSG00000137090","S_ZELLZYKLUS"
"ENSG00000138346","S_ZELLZYKLUS"
"ENSG00000197102","S_ZELLZYKLUS"
"ENSG00000079805","S_ZELLZYKLUS"
"ENSG00000117505","S_ZELLZYKLUS"
"ENSG00000149295","S_ZELLZYKLUS"
"ENSG00000151577","S_ZELLZYKLUS"
"ENSG00000120129","S_ZELLZYKLUS"
"ENSG00000108861","S_ZELLZYKLUS"
"ENSG00000101412","S_ZELLZYKLUS"
"ENSG00000007968","S_ZELLZYKLUS"
"ENSG00000282899","S_ZELLZYKLUS"
"ENSG00000112242","S_ZELLZYKLUS"
"ENSG00000167967","S_ZELLZYKLUS"
"ENSG00000114346","S_ZELLZYKLUS"
"ENSG00000078401","S_ZELLZYKLUS"
"ENSG00000124205","S_ZELLZYKLUS"
"ENSG00000151617","S_ZELLZYKLUS"
"ENSG00000138798","S_ZELLZYKLUS"
"ENSG00000146648","S_ZELLZYKLUS"
"ENSG00000151247","S_ZELLZYKLUS"
"ENSG00000187840","S_ZELLZYKLUS"
"ENSG00000114867","S_ZELLZYKLUS"
"ENSG00000110321","S_ZELLZYKLUS"
"ENSG00000066629","S_ZELLZYKLUS"
"ENSG00000143420","S_ZELLZYKLUS"
"ENSG00000151491","S_ZELLZYKLUS"
"ENSG00000104884","S_ZELLZYKLUS"
"ENSG00000124882","S_ZELLZYKLUS"
"ENSG00000163161","S_ZELLZYKLUS"
"ENSG00000175595","S_ZELLZYKLUS"
"ENSG00000225830","S_ZELLZYKLUS"
"ENSG00000134954","S_ZELLZYKLUS"
"ENSG00000085276","S_ZELLZYKLUS"
"ENSG00000185862","S_ZELLZYKLUS"
"ENSG00000291721","S_ZELLZYKLUS"
"ENSG00000106462","S_ZELLZYKLUS"
"ENSG00000187741","S_ZELLZYKLUS"
"ENSG00000144554","S_ZELLZYKLUS"
"ENSG00000078098","S_ZELLZYKLUS"
"ENSG00000168496","S_ZELLZYKLUS"
"ENSG00000182511","S_ZELLZYKLUS"
"ENSG00000138685","S_ZELLZYKLUS"
"ENSG00000107831","S_ZELLZYKLUS"
"ENSG00000070193","S_ZELLZYKLUS"
"ENSG00000077782","S_ZELLZYKLUS"
"ENSG00000066468","S_ZELLZYKLUS"
"ENSG00000022267","S_ZELLZYKLUS"
"ENSG00000176165","S_ZELLZYKLUS"
"ENSG00000054598","S_ZELLZYKLUS"
"ENSG00000186790","S_ZELLZYKLUS"
"ENSG00000111206","S_ZELLZYKLUS"
"ENSG00000196924","S_ZELLZYKLUS"
"ENSG00000102384","S_ZELLZYKLUS"
"ENSG00000180447","S_ZELLZYKLUS"
"ENSG00000148935","S_ZELLZYKLUS"
"ENSG00000107485","S_ZELLZYKLUS"
"ENSG00000141448","S_ZELLZYKLUS"
"ENSG00000108773","S_ZELLZYKLUS"
"ENSG00000268221","S_ZELLZYKLUS"
"ENSG00000164949","S_ZELLZYKLUS"
"ENSG00000152661","S_ZELLZYKLUS"
"ENSG00000111087","S_ZELLZYKLUS"
"ENSG00000104499","S_ZELLZYKLUS"
"ENSG00000127955","S_ZELLZYKLUS"
"ENSG00000167110","S_ZELLZYKLUS"
"ENSG00000175793","S_ZELLZYKLUS"
"ENSG00000181773","S_ZELLZYKLUS"
"ENSG00000164850","S_ZELLZYKLUS"
"ENSG00000198873","S_ZELLZYKLUS"
"ENSG00000113580","S_ZELLZYKLUS"
"ENSG00000103342","S_ZELLZYKLUS"
"ENSG00000116062","S_ZELLZYKLUS"
"ENSG00000137947","S_ZELLZYKLUS"
"ENSG00000110768","S_ZELLZYKLUS"
"ENSG00000288114","S_ZELLZYKLUS"
"ENSG00000188486","S_ZELLZYKLUS"
"ENSG00000172534","S_ZELLZYKLUS"
"ENSG00000197386","S_ZELLZYKLUS"
"ENSG00000019991","S_ZELLZYKLUS"
"ENSG00000152804","S_ZELLZYKLUS"
"ENSG00000204632","S_ZELLZYKLUS"
"ENSG00000276051","S_ZELLZYKLUS"
"ENSG00000233095","S_ZELLZYKLUS"
"ENSG00000235680","S_ZELLZYKLUS"
"ENSG00000230413","S_ZELLZYKLUS"
"ENSG00000237216","S_ZELLZYKLUS"
"ENSG00000235346","S_ZELLZYKLUS"
"ENSG00000206506","S_ZELLZYKLUS"
"ENSG00000123358","S_ZELLZYKLUS"
"ENSG00000129514","S_ZELLZYKLUS"
"ENSG00000153187","S_ZELLZYKLUS"
"ENSG00000106031","S_ZELLZYKLUS"
"ENSG00000180806","S_ZELLZYKLUS"
"ENSG00000128710","S_ZELLZYKLUS"
"ENSG00000164120","S_ZELLZYKLUS"
"ENSG00000174775","S_ZELLZYKLUS"
"ENSG00000276536","S_ZELLZYKLUS"
"ENSG00000160310","S_ZELLZYKLUS"
"ENSG00000114315","S_ZELLZYKLUS"
"ENSG00000185122","S_ZELLZYKLUS"
"ENSG00000284774","S_ZELLZYKLUS"
"ENSG00000204389","S_ZELLZYKLUS"
"ENSG00000235941","S_ZELLZYKLUS"
"ENSG00000237724","S_ZELLZYKLUS"
"ENSG00000234475","S_ZELLZYKLUS"
"ENSG00000215328","S_ZELLZYKLUS"
"ENSG00000204388","S_ZELLZYKLUS"
"ENSG00000232804","S_ZELLZYKLUS"
"ENSG00000224501","S_ZELLZYKLUS"
"ENSG00000231555","S_ZELLZYKLUS"
"ENSG00000212866","S_ZELLZYKLUS"
"ENSG00000126803","S_ZELLZYKLUS"
"ENSG00000109971","S_ZELLZYKLUS"
"ENSG00000096384","S_ZELLZYKLUS"
"ENSG00000136273","S_ZELLZYKLUS"
"ENSG00000115738","S_ZELLZYKLUS"
"ENSG00000172201","S_ZELLZYKLUS"
"ENSG00000177047","S_ZELLZYKLUS"
"ENSG00000017427","S_ZELLZYKLUS"
"ENSG00000140443","S_ZELLZYKLUS"
"ENSG00000167244","S_ZELLZYKLUS"
"ENSG00000113141","S_ZELLZYKLUS"
"ENSG00000115008","S_ZELLZYKLUS"
"ENSG00000125538","S_ZELLZYKLUS"
"ENSG00000136634","S_ZELLZYKLUS"
"ENSG00000166333","S_ZELLZYKLUS"
"ENSG00000149503","S_ZELLZYKLUS"
"ENSG00000168556","S_ZELLZYKLUS"
"ENSG00000123999","S_ZELLZYKLUS"
"ENSG00000122641","S_ZELLZYKLUS"
"ENSG00000254647","S_ZELLZYKLUS"
"ENSG00000173404","S_ZELLZYKLUS"
"ENSG00000171105","S_ZELLZYKLUS"
"ENSG00000125347","S_ZELLZYKLUS"
"ENSG00000150093","S_ZELLZYKLUS"
"ENSG00000177606","S_ZELLZYKLUS"
"ENSG00000171223","S_ZELLZYKLUS"
"ENSG00000130522","S_ZELLZYKLUS"
"ENSG00000130037","S_ZELLZYKLUS"
"ENSG00000068796","S_ZELLZYKLUS"
"ENSG00000138160","S_ZELLZYKLUS"
"ENSG00000237649","S_ZELLZYKLUS"
"ENSG00000233450","S_ZELLZYKLUS"
"ENSG00000056678","S_ZELLZYKLUS"
"ENSG00000204197","S_ZELLZYKLUS"
"ENSG00000125337","S_ZELLZYKLUS"
"ENSG00000079616","S_ZELLZYKLUS"
"ENSG00000108424","S_ZELLZYKLUS"
"ENSG00000065150","S_ZELLZYKLUS"
"ENSG00000117632","S_ZELLZYKLUS"
"ENSG00000174697","S_ZELLZYKLUS"
"ENSG00000106003","S_ZELLZYKLUS"
"ENSG00000128342","S_ZELLZYKLUS"
"ENSG00000105486","S_ZELLZYKLUS"
"ENSG00000182541","S_ZELLZYKLUS"
"ENSG00000107798","S_ZELLZYKLUS"
"ENSG00000073350","S_ZELLZYKLUS"
"ENSG00000131899","S_ZELLZYKLUS"
"ENSG00000160789","S_ZELLZYKLUS"
"ENSG00000070018","S_ZELLZYKLUS"
"ENSG00000281324","S_ZELLZYKLUS"
"ENSG00000162337","S_ZELLZYKLUS"
"ENSG00000254087","S_ZELLZYKLUS"
"ENSG00000164109","S_ZELLZYKLUS"
"ENSG00000147381","S_ZELLZYKLUS"
"ENSG00000047849","S_ZELLZYKLUS"
"ENSG00000073111","S_ZELLZYKLUS"
"ENSG00000112118","S_ZELLZYKLUS"
"ENSG00000104738","S_ZELLZYKLUS"
"ENSG00000076003","S_ZELLZYKLUS"
"ENSG00000135679","S_ZELLZYKLUS"
"ENSG00000198625","S_ZELLZYKLUS"
"ENSG00000134138","S_ZELLZYKLUS"
"ENSG00000133895","S_ZELLZYKLUS"
"ENSG00000148773","S_ZELLZYKLUS"
"ENSG00000178053","S_ZELLZYKLUS"
"ENSG00000076242","S_ZELLZYKLUS"
"ENSG00000173327","S_ZELLZYKLUS"
"ENSG00000184481","S_ZELLZYKLUS"
"ENSG00000169184","S_ZELLZYKLUS"
"ENSG00000020426","S_ZELLZYKLUS"
"ENSG00000070444","S_ZELLZYKLUS"
"ENSG00000172680","S_ZELLZYKLUS"
"ENSG00000020922","S_ZELLZYKLUS"
"ENSG00000095002","S_ZELLZYKLUS"
"ENSG00000057468","S_ZELLZYKLUS"
"ENSG00000204410","S_ZELLZYKLUS"
"ENSG00000233345","S_ZELLZYKLUS"
"ENSG00000235222","S_ZELLZYKLUS"
"ENSG00000237333","S_ZELLZYKLUS"
"ENSG00000230961","S_ZELLZYKLUS"
"ENSG00000230293","S_ZELLZYKLUS"
"ENSG00000227314","S_ZELLZYKLUS"
"ENSG00000235569","S_ZELLZYKLUS"
"ENSG00000163132","S_ZELLZYKLUS"
"ENSG00000120149","S_ZELLZYKLUS"
"ENSG00000185499","S_ZELLZYKLUS"
"ENSG00000108395","S_ZELLZYKLUS"
"ENSG00000183486","S_ZELLZYKLUS"
"ENSG00000118513","S_ZELLZYKLUS"
"ENSG00000185697","S_ZELLZYKLUS"
"ENSG00000101057","S_ZELLZYKLUS"
"ENSG00000136997","S_ZELLZYKLUS"
"ENSG00000099860","S_ZELLZYKLUS"
"ENSG00000100345","S_ZELLZYKLUS"
"ENSG00000133026","S_ZELLZYKLUS"
"ENSG00000122180","S_ZELLZYKLUS"
"ENSG00000058272","S_ZELLZYKLUS"
"ENSG00000103274","S_ZELLZYKLUS"
"ENSG00000104320","S_ZELLZYKLUS"
"ENSG00000124479","S_ZELLZYKLUS"
"ENSG00000185721","S_ZELLZYKLUS"
"ENSG00000168385","S_ZELLZYKLUS"
"ENSG00000117650","S_ZELLZYKLUS"
"ENSG00000136098","S_ZELLZYKLUS"
"ENSG00000181965","S_ZELLZYKLUS"
"ENSG00000186575","S_ZELLZYKLUS"
"ENSG00000162599","S_ZELLZYKLUS"
"ENSG00000147862","S_ZELLZYKLUS"
"ENSG00000170322","S_ZELLZYKLUS"
"ENSG00000167034","S_ZELLZYKLUS"
"ENSG00000149308","S_ZELLZYKLUS"
"ENSG00000181163","S_ZELLZYKLUS"
"ENSG00000163273","S_ZELLZYKLUS"
"ENSG00000159899","S_ZELLZYKLUS"
"ENSG00000162733","S_ZELLZYKLUS"
"ENSG00000137497","S_ZELLZYKLUS"
"ENSG00000136811","S_ZELLZYKLUS"
"ENSG00000085840","S_ZELLZYKLUS"
"ENSG00000115947","S_ZELLZYKLUS"
"ENSG00000172818","S_ZELLZYKLUS"
"ENSG00000007168","S_ZELLZYKLUS"
"ENSG00000007372","S_ZELLZYKLUS"
"ENSG00000185630","S_ZELLZYKLUS"
"ENSG00000078674","S_ZELLZYKLUS"
"ENSG00000132646","S_ZELLZYKLUS"
"ENSG00000160299","S_ZELLZYKLUS"
"ENSG00000131165","S_ZELLZYKLUS"
"ENSG00000102225","S_ZELLZYKLUS"
"ENSG00000059758","S_ZELLZYKLUS"
"ENSG00000117266","S_ZELLZYKLUS"
"ENSG00000172572","S_ZELLZYKLUS"
"ENSG00000100311","S_ZELLZYKLUS"
"ENSG00000113721","S_ZELLZYKLUS"
"ENSG00000058091","S_ZELLZYKLUS"
"ENSG00000085563","S_ZELLZYKLUS"
"ENSG00000078142","S_ZELLZYKLUS"
"ENSG00000137193","S_ZELLZYKLUS"
"ENSG00000127445","S_ZELLZYKLUS"
"ENSG00000008710","S_ZELLZYKLUS"
"ENSG00000118762","S_ZELLZYKLUS"
"ENSG00000170927","S_ZELLZYKLUS"
"ENSG00000118495","S_ZELLZYKLUS"
"ENSG00000197943","S_ZELLZYKLUS"
"ENSG00000178209","S_ZELLZYKLUS"
"ENSG00000166851","S_ZELLZYKLUS"
"ENSG00000171566","S_ZELLZYKLUS"
"ENSG00000188313","S_ZELLZYKLUS"
"ENSG00000140464","S_ZELLZYKLUS"
"ENSG00000184702","S_ZELLZYKLUS"
"ENSG00000108387","S_ZELLZYKLUS"
"ENSG00000101868","S_ZELLZYKLUS"
"ENSG00000177084","S_ZELLZYKLUS"
"ENSG00000152192","S_ZELLZYKLUS"
"ENSG00000125686","S_ZELLZYKLUS"
"ENSG00000100614","S_ZELLZYKLUS"
"ENSG00000115241","S_ZELLZYKLUS"
"ENSG00000186298","S_ZELLZYKLUS"
"ENSG00000204569","S_ZELLZYKLUS"
"ENSG00000230995","S_ZELLZYKLUS"
"ENSG00000238104","S_ZELLZYKLUS"
"ENSG00000231737","S_ZELLZYKLUS"
"ENSG00000235291","S_ZELLZYKLUS"
"ENSG00000206489","S_ZELLZYKLUS"
"ENSG00000227804","S_ZELLZYKLUS"
"ENSG00000113575","S_ZELLZYKLUS"
"ENSG00000104695","S_ZELLZYKLUS"
"ENSG00000105568","S_ZELLZYKLUS"
"ENSG00000119383","S_ZELLZYKLUS"
"ENSG00000068971","S_ZELLZYKLUS"
"ENSG00000078304","S_ZELLZYKLUS"
"ENSG00000138814","S_ZELLZYKLUS"
"ENSG00000011485","S_ZELLZYKLUS"
"ENSG00000119414","S_ZELLZYKLUS"
"ENSG00000143294","S_ZELLZYKLUS"
"ENSG00000072062","S_ZELLZYKLUS"
"ENSG00000288516","S_ZELLZYKLUS"
"ENSG00000171033","S_ZELLZYKLUS"
"ENSG00000154229","S_ZELLZYKLUS"
"ENSG00000166501","S_ZELLZYKLUS"
"ENSG00000171132","S_ZELLZYKLUS"
"ENSG00000065243","S_ZELLZYKLUS"
"ENSG00000253729","S_ZELLZYKLUS"
"ENSG00000108984","S_ZELLZYKLUS"
"ENSG00000171867","S_ZELLZYKLUS"
"ENSG00000117707","S_ZELLZYKLUS"
"ENSG00000100600","S_ZELLZYKLUS"
"ENSG00000101843","S_ZELLZYKLUS"
"ENSG00000185627","S_ZELLZYKLUS"
"ENSG00000092010","S_ZELLZYKLUS"
"ENSG00000284916","S_ZELLZYKLUS"
"ENSG00000100911","S_ZELLZYKLUS"
"ENSG00000284889","S_ZELLZYKLUS"
"ENSG00000185920","S_ZELLZYKLUS"
"ENSG00000171862","S_ZELLZYKLUS"
"ENSG00000284792","S_ZELLZYKLUS"
"ENSG00000073756","S_ZELLZYKLUS"
"ENSG00000101213","S_ZELLZYKLUS"
"ENSG00000070159","S_ZELLZYKLUS"
"ENSG00000111679","S_ZELLZYKLUS"
"ENSG00000179295","S_ZELLZYKLUS"
"ENSG00000081237","S_ZELLZYKLUS"
"ENSG00000262418","S_ZELLZYKLUS"
"ENSG00000152894","S_ZELLZYKLUS"
"ENSG00000273993","S_ZELLZYKLUS"
"ENSG00000113456","S_ZELLZYKLUS"
"ENSG00000172613","S_ZELLZYKLUS"
"ENSG00000152942","S_ZELLZYKLUS"
"ENSG00000276618","S_ZELLZYKLUS"
"ENSG00000164754","S_ZELLZYKLUS"
"ENSG00000179262","S_ZELLZYKLUS"
"ENSG00000051180","S_ZELLZYKLUS"
"ENSG00000108384","S_ZELLZYKLUS"
"ENSG00000182185","S_ZELLZYKLUS"
"ENSG00000080823","S_ZELLZYKLUS"
"ENSG00000185379","S_ZELLZYKLUS"
"ENSG00000132341","S_ZELLZYKLUS"
"ENSG00000099901","S_ZELLZYKLUS"
"ENSG00000131759","S_ZELLZYKLUS"
"ENSG00000145715","S_ZELLZYKLUS"
"ENSG00000139687","S_ZELLZYKLUS"
"ENSG00000101773","S_ZELLZYKLUS"
"ENSG00000080839","S_ZELLZYKLUS"
"ENSG00000103479","S_ZELLZYKLUS"
"ENSG00000102076","S_ZELLZYKLUS"
"ENSG00000137710","S_ZELLZYKLUS"
"ENSG00000005007","S_ZELLZYKLUS"
"ENSG00000133884","S_ZELLZYKLUS"
"ENSG00000128250","S_ZELLZYKLUS"
"ENSG00000106615","S_ZELLZYKLUS"
"ENSG00000121481","S_ZELLZYKLUS"
"ENSG00000063978","S_ZELLZYKLUS"
"ENSG00000067900","S_ZELLZYKLUS"
"ENSG00000132383","S_ZELLZYKLUS"
"ENSG00000117748","S_ZELLZYKLUS"
"ENSG00000106399","S_ZELLZYKLUS"
"ENSG00000114391","S_ZELLZYKLUS"
"ENSG00000161970","S_ZELLZYKLUS"
"ENSG00000149273","S_ZELLZYKLUS"
"ENSG00000137154","S_ZELLZYKLUS"
"ENSG00000071242","S_ZELLZYKLUS"
"ENSG00000108443","S_ZELLZYKLUS"
"ENSG00000134419","S_ZELLZYKLUS"
"ENSG00000167325","S_ZELLZYKLUS"
"ENSG00000171848","S_ZELLZYKLUS"
"ENSG00000114993","S_ZELLZYKLUS"
"ENSG00000130779","S_ZELLZYKLUS"
"ENSG00000188130","S_ZELLZYKLUS"
"ENSG00000108691","S_ZELLZYKLUS"
"ENSG00000137575","S_ZELLZYKLUS"
"ENSG00000170364","S_ZELLZYKLUS"
"ENSG00000104332","S_ZELLZYKLUS"
"ENSG00000107338","S_ZELLZYKLUS"
"ENSG00000123473","S_ZELLZYKLUS"
"ENSG00000213445","S_ZELLZYKLUS"
"ENSG00000138083","S_ZELLZYKLUS"
"ENSG00000136603","S_ZELLZYKLUS"
"ENSG00000145604","S_ZELLZYKLUS"
"ENSG00000108576","S_ZELLZYKLUS"
"ENSG00000155380","S_ZELLZYKLUS"
"ENSG00000281917","S_ZELLZYKLUS"
"ENSG00000080503","S_ZELLZYKLUS"
"ENSG00000127616","S_ZELLZYKLUS"
"ENSG00000099956","S_ZELLZYKLUS"
"ENSG00000275837","S_ZELLZYKLUS"
"ENSG00000173473","S_ZELLZYKLUS"
"ENSG00000139613","S_ZELLZYKLUS"
"ENSG00000066117","S_ZELLZYKLUS"
"ENSG00000108604","S_ZELLZYKLUS"
"ENSG00000082014","S_ZELLZYKLUS"
"ENSG00000073584","S_ZELLZYKLUS"
"ENSG00000159140","S_ZELLZYKLUS"
"ENSG00000181449","S_ZELLZYKLUS"
"ENSG00000125398","S_ZELLZYKLUS"
"ENSG00000129194","S_ZELLZYKLUS"
"ENSG00000021574","S_ZELLZYKLUS"
"ENSG00000115306","S_ZELLZYKLUS"
"ENSG00000096063","S_ZELLZYKLUS"
"ENSG00000135250","S_ZELLZYKLUS"
"ENSG00000132109","S_ZELLZYKLUS"
"ENSG00000162009","S_ZELLZYKLUS"
"ENSG00000168610","S_ZELLZYKLUS"
"ENSG00000173757","S_ZELLZYKLUS"
"ENSG00000114904","S_ZELLZYKLUS"
"ENSG00000087586","S_ZELLZYKLUS"
"ENSG00000008086","S_ZELLZYKLUS"
"ENSG00000118046","S_ZELLZYKLUS"
"ENSG00000105146","S_ZELLZYKLUS"
"ENSG00000101945","S_ZELLZYKLUS"
"ENSG00000197321","S_ZELLZYKLUS"
"ENSG00000198765","S_ZELLZYKLUS"
"ENSG00000147526","S_ZELLZYKLUS"
"ENSG00000151694","S_ZELLZYKLUS"
"ENSG00000276234","S_ZELLZYKLUS"
"ENSG00000277104","S_ZELLZYKLUS"
"ENSG00000147133","S_ZELLZYKLUS"
"ENSG00000064313","S_ZELLZYKLUS"
"ENSG00000106290","S_ZELLZYKLUS"
"ENSG00000166337","S_ZELLZYKLUS"
"ENSG00000135341","S_ZELLZYKLUS"
"ENSG00000162367","S_ZELLZYKLUS"
"ENSG00000141556","S_ZELLZYKLUS"
"ENSG00000278759","S_ZELLZYKLUS"
"ENSG00000284770","S_ZELLZYKLUS"
"ENSG00000121068","S_ZELLZYKLUS"
"ENSG00000135111","S_ZELLZYKLUS"
"ENSG00000071564","S_ZELLZYKLUS"
"ENSG00000163159","S_ZELLZYKLUS"
"ENSG00000165169","S_ZELLZYKLUS"
"ENSG00000146425","S_ZELLZYKLUS"
"ENSG00000147601","S_ZELLZYKLUS"
"ENSG00000132604","S_ZELLZYKLUS"
"ENSG00000164362","S_ZELLZYKLUS"
"ENSG00000090447","S_ZELLZYKLUS"
"ENSG00000185551","S_ZELLZYKLUS"
"ENSG00000198176","S_ZELLZYKLUS"
"ENSG00000114126","S_ZELLZYKLUS"
"ENSG00000163235","S_ZELLZYKLUS"
"ENSG00000105329","S_ZELLZYKLUS"
"ENSG00000092969","S_ZELLZYKLUS"
"ENSG00000106799","S_ZELLZYKLUS"
"ENSG00000092295","S_ZELLZYKLUS"
"ENSG00000285348","S_ZELLZYKLUS"
"ENSG00000167900","S_ZELLZYKLUS"
"ENSG00000112333","S_ZELLZYKLUS"
"ENSG00000205542","S_ZELLZYKLUS"
"ENSG00000232810","S_ZELLZYKLUS"
"ENSG00000228978","S_ZELLZYKLUS"
"ENSG00000204490","S_ZELLZYKLUS"
"ENSG00000228321","S_ZELLZYKLUS"
"ENSG00000230108","S_ZELLZYKLUS"
"ENSG00000228849","S_ZELLZYKLUS"
"ENSG00000223952","S_ZELLZYKLUS"
"ENSG00000206439","S_ZELLZYKLUS"
"ENSG00000118503","S_ZELLZYKLUS"
"ENSG00000198900","S_ZELLZYKLUS"
"ENSG00000131747","S_ZELLZYKLUS"
"ENSG00000077097","S_ZELLZYKLUS"
"ENSG00000177302","S_ZELLZYKLUS"
"ENSG00000284238","S_ZELLZYKLUS"
"ENSG00000141510","S_ZELLZYKLUS"
"ENSG00000067369","S_ZELLZYKLUS"
"ENSG00000143514","S_ZELLZYKLUS"
"ENSG00000078900","S_ZELLZYKLUS"
"ENSG00000111907","S_ZELLZYKLUS"
"ENSG00000047410","S_ZELLZYKLUS"
"ENSG00000165699","S_ZELLZYKLUS"
"ENSG00000103197","S_ZELLZYKLUS"
"ENSG00000074319","S_ZELLZYKLUS"
"ENSG00000112742","S_ZELLZYKLUS"
"ENSG00000155657","S_ZELLZYKLUS"
"ENSG00000127824","S_ZELLZYKLUS"
"ENSG00000198033","S_ZELLZYKLUS"
"ENSG00000137267","S_ZELLZYKLUS"
"ENSG00000131462","S_ZELLZYKLUS"
"ENSG00000170315","S_ZELLZYKLUS"
"ENSG00000077721","S_ZELLZYKLUS"
"ENSG00000119048","S_ZELLZYKLUS"
"ENSG00000182247","S_ZELLZYKLUS"
"ENSG00000103275","S_ZELLZYKLUS"
"ENSG00000185651","S_ZELLZYKLUS"
"ENSG00000198382","S_ZELLZYKLUS"
"ENSG00000165280","S_ZELLZYKLUS"
"ENSG00000092820","S_ZELLZYKLUS"
"ENSG00000100749","S_ZELLZYKLUS"
"ENSG00000166483","S_ZELLZYKLUS"
"ENSG00000114251","S_ZELLZYKLUS"
"ENSG00000169884","S_ZELLZYKLUS"
"ENSG00000165392","S_ZELLZYKLUS"
"ENSG00000154767","S_ZELLZYKLUS"
"ENSG00000082898","S_ZELLZYKLUS"
"ENSG00000196584","S_ZELLZYKLUS"
"ENSG00000126215","S_ZELLZYKLUS"
"ENSG00000100811","S_ZELLZYKLUS"
"ENSG00000108953","S_ZELLZYKLUS"
"ENSG00000274474","S_ZELLZYKLUS"
"ENSG00000170631","S_ZELLZYKLUS"
"ENSG00000166529","S_ZELLZYKLUS"
"ENSG00000116809","S_ZELLZYKLUS"
"ENSG00000128482","S_ZELLZYKLUS"
"ENSG00000010244","S_ZELLZYKLUS"
"ENSG00000116127","S_ZELLZYKLUS"
"ENSG00000167552","S_ZELLZYKLUS"
"ENSG00000204463","S_ZELLZYKLUS"
"ENSG00000228760","S_ZELLZYKLUS"
"ENSG00000229524","S_ZELLZYKLUS"
"ENSG00000233348","S_ZELLZYKLUS"
"ENSG00000096155","S_ZELLZYKLUS"
"ENSG00000234651","S_ZELLZYKLUS"
"ENSG00000227761","S_ZELLZYKLUS"
"ENSG00000112425","S_ZELLZYKLUS"
"ENSG00000104290","S_ZELLZYKLUS"
"ENSG00000126883","S_ZELLZYKLUS"
"ENSG00000175592","S_ZELLZYKLUS"
"ENSG00000166266","S_ZELLZYKLUS"
"ENSG00000094914","S_ZELLZYKLUS"
"ENSG00000291836","S_ZELLZYKLUS"
"ENSG00000127337","S_ZELLZYKLUS"
"ENSG00000149948","S_ZELLZYKLUS"
"ENSG00000205683","S_ZELLZYKLUS"
"ENSG00000011332","S_ZELLZYKLUS"
"ENSG00000070371","S_ZELLZYKLUS"
"ENSG00000124486","S_ZELLZYKLUS"
"ENSG00000072501","S_ZELLZYKLUS"
"ENSG00000102030","S_ZELLZYKLUS"
"ENSG00000117713","S_ZELLZYKLUS"
"ENSG00000196367","S_ZELLZYKLUS"
"ENSG00000168646","S_ZELLZYKLUS"
"ENSG00000163930","S_ZELLZYKLUS"
"ENSG00000097046","S_ZELLZYKLUS"
"ENSG00000093009","S_ZELLZYKLUS"
"ENSG00000188763","S_ZELLZYKLUS"
"ENSG00000165702","S_ZELLZYKLUS"
"ENSG00000002822","S_ZELLZYKLUS"
"ENSG00000126756","S_ZELLZYKLUS"
"ENSG00000085999","S_ZELLZYKLUS"
"ENSG00000143479","S_ZELLZYKLUS"
"ENSG00000158290","S_ZELLZYKLUS"
"ENSG00000139842","S_ZELLZYKLUS"
"ENSG00000036257","S_ZELLZYKLUS"
"ENSG00000108094","S_ZELLZYKLUS"
"ENSG00000055130","S_ZELLZYKLUS"
"ENSG00000172059","S_ZELLZYKLUS"
"ENSG00000153147","S_ZELLZYKLUS"
"ENSG00000077800","S_ZELLZYKLUS"
"ENSG00000101146","S_ZELLZYKLUS"
"ENSG00000170836","S_ZELLZYKLUS"
"ENSG00000144283","S_ZELLZYKLUS"
"ENSG00000149091","S_ZELLZYKLUS"
"ENSG00000033800","S_ZELLZYKLUS"
"ENSG00000081377","S_ZELLZYKLUS"
"ENSG00000079335","S_ZELLZYKLUS"
"ENSG00000185324","S_ZELLZYKLUS"
"ENSG00000110514","S_ZELLZYKLUS"
"ENSG00000175792","S_ZELLZYKLUS"
"ENSG00000065883","S_ZELLZYKLUS"
"ENSG00000073282","S_ZELLZYKLUS"
"ENSG00000173273","S_ZELLZYKLUS"
"ENSG00000285372","S_ZELLZYKLUS"
"ENSG00000126581","S_ZELLZYKLUS"
"ENSG00000094880","S_ZELLZYKLUS"
"ENSG00000140943","S_ZELLZYKLUS"
"ENSG00000107862","S_ZELLZYKLUS"
"ENSG00000169372","S_ZELLZYKLUS"
"ENSG00000103769","S_ZELLZYKLUS"
"ENSG00000101782","S_ZELLZYKLUS"
"ENSG00000090061","S_ZELLZYKLUS"
"ENSG00000100490","S_ZELLZYKLUS"
"ENSG00000175334","S_ZELLZYKLUS"
"ENSG00000140575","S_ZELLZYKLUS"
"ENSG00000171720","S_ZELLZYKLUS"
"ENSG00000114166","S_ZELLZYKLUS"
"ENSG00000176749","S_ZELLZYKLUS"
"ENSG00000132326","S_ZELLZYKLUS"
"ENSG00000137331","S_ZELLZYKLUS"
"ENSG00000235030","S_ZELLZYKLUS"
"ENSG00000230128","S_ZELLZYKLUS"
"ENSG00000237155","S_ZELLZYKLUS"
"ENSG00000227231","S_ZELLZYKLUS"
"ENSG00000206478","S_ZELLZYKLUS"
"ENSG00000176170","S_ZELLZYKLUS"
"ENSG00000130177","S_ZELLZYKLUS"
"ENSG00000109917","S_ZELLZYKLUS"
"ENSG00000159593","S_ZELLZYKLUS"
"ENSG00000100330","S_ZELLZYKLUS"
"ENSG00000112739","S_ZELLZYKLUS"
"ENSG00000133101","S_ZELLZYKLUS"
"ENSG00000111602","S_ZELLZYKLUS"
"ENSG00000109132","S_ZELLZYKLUS"
"ENSG00000100038","S_ZELLZYKLUS"
"ENSG00000171450","S_ZELLZYKLUS"
"ENSG00000166167","S_ZELLZYKLUS"
"ENSG00000106299","S_ZELLZYKLUS"
"ENSG00000138769","S_ZELLZYKLUS"
"ENSG00000174672","S_ZELLZYKLUS"
"ENSG00000291428","S_ZELLZYKLUS"
"ENSG00000009954","S_ZELLZYKLUS"
"ENSG00000142484","S_ZELLZYKLUS"
"ENSG00000144744","S_ZELLZYKLUS"
"ENSG00000198901","S_ZELLZYKLUS"
"ENSG00000162595","S_ZELLZYKLUS"
"ENSG00000127564","S_ZELLZYKLUS"
"ENSG00000109103","S_ZELLZYKLUS"
"ENSG00000036672","S_ZELLZYKLUS"
"ENSG00000138592","S_ZELLZYKLUS"
"ENSG00000108389","S_ZELLZYKLUS"
"ENSG00000131023","S_ZELLZYKLUS"
"ENSG00000108055","S_ZELLZYKLUS"
"ENSG00000157456","S_ZELLZYKLUS"
"ENSG00000175305","S_ZELLZYKLUS"
"ENSG00000060069","S_ZELLZYKLUS"
"ENSG00000282752","S_ZELLZYKLUS"
"ENSG00000174371","S_ZELLZYKLUS"
"ENSG00000086827","S_ZELLZYKLUS"
"ENSG00000154473","S_ZELLZYKLUS"
"ENSG00000178999","S_ZELLZYKLUS"
"ENSG00000166197","S_ZELLZYKLUS"
"ENSG00000164611","S_ZELLZYKLUS"
"ENSG00000260916","S_ZELLZYKLUS"
"ENSG00000136270","S_ZELLZYKLUS"
"ENSG00000125207","S_ZELLZYKLUS"
"ENSG00000275051","S_ZELLZYKLUS"
"ENSG00000099385","S_ZELLZYKLUS"
"ENSG00000106635","S_ZELLZYKLUS"
"ENSG00000136826","S_ZELLZYKLUS"
"ENSG00000071539","S_ZELLZYKLUS"
"ENSG00000149930","S_ZELLZYKLUS"
"ENSG00000125691","S_ZELLZYKLUS"
"ENSG00000109062","S_ZELLZYKLUS"
"ENSG00000101350","S_ZELLZYKLUS"
"ENSG00000144021","S_ZELLZYKLUS"
"ENSG00000108469","S_ZELLZYKLUS"
"ENSG00000134318","S_ZELLZYKLUS"
"ENSG00000137807","S_ZELLZYKLUS"
"ENSG00000154734","S_ZELLZYKLUS"
"ENSG00000119541","S_ZELLZYKLUS"
"ENSG00000113648","S_ZELLZYKLUS"
"ENSG00000134852","S_ZELLZYKLUS"
"ENSG00000158019","S_ZELLZYKLUS"
"ENSG00000138182","S_ZELLZYKLUS"
"ENSG00000124688","S_ZELLZYKLUS"
"ENSG00000141027","S_ZELLZYKLUS"
"ENSG00000132749","S_ZELLZYKLUS"
"ENSG00000104728","S_ZELLZYKLUS"
"ENSG00000274726","S_ZELLZYKLUS"
"ENSG00000123562","S_ZELLZYKLUS"
"ENSG00000137337","S_ZELLZYKLUS"
"ENSG00000234012","S_ZELLZYKLUS"
"ENSG00000224587","S_ZELLZYKLUS"
"ENSG00000228575","S_ZELLZYKLUS"
"ENSG00000225589","S_ZELLZYKLUS"
"ENSG00000231135","S_ZELLZYKLUS"
"ENSG00000237095","S_ZELLZYKLUS"
"ENSG00000206481","S_ZELLZYKLUS"
"ENSG00000178104","S_ZELLZYKLUS"
"ENSG00000174799","S_ZELLZYKLUS"
"ENSG00000166783","S_ZELLZYKLUS"
"ENSG00000277140","S_ZELLZYKLUS"
"ENSG00000101407","S_ZELLZYKLUS"
"ENSG00000058453","S_ZELLZYKLUS"
"ENSG00000134644","S_ZELLZYKLUS"
"ENSG00000135476","S_ZELLZYKLUS"
"ENSG00000253797","S_ZELLZYKLUS"
"ENSG00000090565","S_ZELLZYKLUS"
"ENSG00000275338","S_ZELLZYKLUS"
"ENSG00000184445","S_ZELLZYKLUS"
"ENSG00000103540","S_ZELLZYKLUS"
"ENSG00000111913","S_ZELLZYKLUS"
"ENSG00000102221","S_ZELLZYKLUS"
"ENSG00000166803","S_ZELLZYKLUS"
"ENSG00000126787","S_ZELLZYKLUS"
"ENSG00000175216","S_ZELLZYKLUS"
"ENSG00000182149","S_ZELLZYKLUS"
"ENSG00000196428","S_ZELLZYKLUS"
"ENSG00000044090","S_ZELLZYKLUS"
"ENSG00000165304","S_ZELLZYKLUS"
"ENSG00000101003","S_ZELLZYKLUS"
"ENSG00000198920","S_ZELLZYKLUS"
"ENSG00000198586","S_ZELLZYKLUS"
"ENSG00000100726","S_ZELLZYKLUS"
"ENSG00000164961","S_ZELLZYKLUS"
"ENSG00000162413","S_ZELLZYKLUS"
"ENSG00000010292","S_ZELLZYKLUS"
"ENSG00000118193","S_ZELLZYKLUS"
"ENSG00000100918","S_ZELLZYKLUS"
"ENSG00000285007","S_ZELLZYKLUS"
"ENSG00000170248","S_ZELLZYKLUS"
"ENSG00000153094","S_ZELLZYKLUS"
"ENSG00000041880","S_ZELLZYKLUS"
"ENSG00000141198","S_ZELLZYKLUS"
"ENSG00000113810","S_ZELLZYKLUS"
"ENSG00000006611","S_ZELLZYKLUS"
"ENSG00000115091","S_ZELLZYKLUS"
"ENSG00000138071","S_ZELLZYKLUS"
"ENSG00000175215","S_ZELLZYKLUS"
"ENSG00000113522","S_ZELLZYKLUS"
"ENSG00000112984","S_ZELLZYKLUS"
"ENSG00000169018","S_ZELLZYKLUS"
"ENSG00000076053","S_ZELLZYKLUS"
"ENSG00000131467","S_ZELLZYKLUS"
"ENSG00000172113","S_ZELLZYKLUS"
"ENSG00000144677","S_ZELLZYKLUS"
"ENSG00000164056","S_ZELLZYKLUS"
"ENSG00000136158","S_ZELLZYKLUS"
"ENSG00000167797","S_ZELLZYKLUS"
"ENSG00000084073","S_ZELLZYKLUS"
"ENSG00000105127","S_ZELLZYKLUS"
"ENSG00000118007","S_ZELLZYKLUS"
"ENSG00000090316","S_ZELLZYKLUS"
"ENSG00000140854","S_ZELLZYKLUS"
"ENSG00000152669","S_ZELLZYKLUS"
"ENSG00000158806","S_ZELLZYKLUS"
"ENSG00000164442","S_ZELLZYKLUS"
"ENSG00000123416","S_ZELLZYKLUS"
"ENSG00000258947","S_ZELLZYKLUS"
"ENSG00000104833","S_ZELLZYKLUS"
"ENSG00000188229","S_ZELLZYKLUS"
"ENSG00000124508","S_ZELLZYKLUS"
"ENSG00000196074","S_ZELLZYKLUS"
"ENSG00000164162","S_ZELLZYKLUS"
"ENSG00000204628","S_ZELLZYKLUS"
"ENSG00000080986","S_ZELLZYKLUS"
"ENSG00000100462","S_ZELLZYKLUS"
"ENSG00000126216","S_ZELLZYKLUS"
"ENSG00000282003","S_ZELLZYKLUS"
"ENSG00000239306","S_ZELLZYKLUS"
"ENSG00000187778","S_ZELLZYKLUS"
"ENSG00000136235","S_ZELLZYKLUS"
"ENSG00000116670","S_ZELLZYKLUS"
"ENSG00000013810","S_ZELLZYKLUS"
"ENSG00000083535","S_ZELLZYKLUS"
"ENSG00000171148","S_ZELLZYKLUS"
"ENSG00000107175","S_ZELLZYKLUS"
"ENSG00000132382","S_ZELLZYKLUS"
"ENSG00000185043","S_ZELLZYKLUS"
"ENSG00000172977","S_ZELLZYKLUS"
"ENSG00000205339","S_ZELLZYKLUS"
"ENSG00000173465","S_ZELLZYKLUS"
"ENSG00000213886","S_ZELLZYKLUS"
"ENSG00000226898","S_ZELLZYKLUS"
"ENSG00000224654","S_ZELLZYKLUS"
"ENSG00000228913","S_ZELLZYKLUS"
"ENSG00000206468","S_ZELLZYKLUS"
"ENSG00000206513","S_ZELLZYKLUS"
"ENSG00000231968","S_ZELLZYKLUS"
"ENSG00000175203","S_ZELLZYKLUS"
"ENSG00000138162","S_ZELLZYKLUS"
"ENSG00000136824","S_ZELLZYKLUS"
"ENSG00000156256","S_ZELLZYKLUS"
"ENSG00000291527","S_ZELLZYKLUS"
"ENSG00000141696","S_ZELLZYKLUS"
"ENSG00000076382","S_ZELLZYKLUS"
"ENSG00000124356","S_ZELLZYKLUS"
"ENSG00000111247","S_ZELLZYKLUS"
"ENSG00000169220","S_ZELLZYKLUS"
"ENSG00000070367","S_ZELLZYKLUS"
"ENSG00000121774","S_ZELLZYKLUS"
"ENSG00000102974","S_ZELLZYKLUS"
"ENSG00000100532","S_ZELLZYKLUS"
"ENSG00000138028","S_ZELLZYKLUS"
"ENSG00000104671","S_ZELLZYKLUS"
"ENSG00000090273","S_ZELLZYKLUS"
"ENSG00000142731","S_ZELLZYKLUS"
"ENSG00000066923","S_ZELLZYKLUS"
"ENSG00000101972","S_ZELLZYKLUS"
"ENSG00000250254","S_ZELLZYKLUS"
"ENSG00000123159","S_ZELLZYKLUS"
"ENSG00000132688","S_ZELLZYKLUS"
"ENSG00000145632","S_ZELLZYKLUS"
"ENSG00000128989","S_ZELLZYKLUS"
"ENSG00000119408","S_ZELLZYKLUS"
"ENSG00000145703","S_ZELLZYKLUS"
"ENSG00000090612","S_ZELLZYKLUS"
"ENSG00000184640","S_ZELLZYKLUS"
"ENSG00000282302","S_ZELLZYKLUS"
"ENSG00000054282","S_ZELLZYKLUS"
"ENSG00000276111","S_ZELLZYKLUS"
"ENSG00000165689","S_ZELLZYKLUS"
"ENSG00000130640","S_ZELLZYKLUS"
"ENSG00000183207","S_ZELLZYKLUS"
"ENSG00000104972","S_ZELLZYKLUS"
"ENSG00000274669","S_ZELLZYKLUS"
"ENSG00000276452","S_ZELLZYKLUS"
"ENSG00000277807","S_ZELLZYKLUS"
"ENSG00000277134","S_ZELLZYKLUS"
"ENSG00000172046","S_ZELLZYKLUS"
"ENSG00000143543","S_ZELLZYKLUS"
"ENSG00000112983","S_ZELLZYKLUS"
"ENSG00000165416","S_ZELLZYKLUS"
"ENSG00000130222","S_ZELLZYKLUS"
"ENSG00000204371","S_ZELLZYKLUS"
"ENSG00000232045","S_ZELLZYKLUS"
"ENSG00000224143","S_ZELLZYKLUS"
"ENSG00000236759","S_ZELLZYKLUS"
"ENSG00000227333","S_ZELLZYKLUS"
"ENSG00000238134","S_ZELLZYKLUS"
"ENSG00000206376","S_ZELLZYKLUS"
"ENSG00000006634","S_ZELLZYKLUS"
"ENSG00000106723","S_ZELLZYKLUS"
"ENSG00000185787","S_ZELLZYKLUS"
"ENSG00000154640","S_ZELLZYKLUS"
"ENSG00000281484","S_ZELLZYKLUS"
"ENSG00000166974","S_ZELLZYKLUS"
"ENSG00000118816","S_ZELLZYKLUS"
"ENSG00000121022","S_ZELLZYKLUS"
"ENSG00000142945","S_ZELLZYKLUS"
"ENSG00000146872","S_ZELLZYKLUS"
"ENSG00000111737","S_ZELLZYKLUS"
"ENSG00000182134","S_ZELLZYKLUS"
"ENSG00000102096","S_ZELLZYKLUS"
"ENSG00000292210","S_ZELLZYKLUS"
"ENSG00000112941","S_ZELLZYKLUS"
"ENSG00000175063","S_ZELLZYKLUS"
"ENSG00000163781","S_ZELLZYKLUS"
"ENSG00000171368","S_ZELLZYKLUS"
"ENSG00000160207","S_ZELLZYKLUS"
"ENSG00000196363","S_ZELLZYKLUS"
"ENSG00000126856","S_ZELLZYKLUS"
"ENSG00000138738","S_ZELLZYKLUS"
"ENSG00000122966","S_ZELLZYKLUS"
"ENSG00000131437","S_ZELLZYKLUS"
"ENSG00000122952","S_ZELLZYKLUS"
"ENSG00000105401","S_ZELLZYKLUS"
"ENSG00000136504","S_ZELLZYKLUS"
"ENSG00000100206","S_ZELLZYKLUS"
"ENSG00000170917","S_ZELLZYKLUS"
"ENSG00000198554","S_ZELLZYKLUS"
"ENSG00000168309","S_ZELLZYKLUS"
"ENSG00000178252","S_ZELLZYKLUS"
"ENSG00000068028","S_ZELLZYKLUS"
"ENSG00000184363","S_ZELLZYKLUS"
"ENSG00000126001","S_ZELLZYKLUS"
"ENSG00000183765","S_ZELLZYKLUS"
"ENSG00000160783","S_ZELLZYKLUS"
"ENSG00000137100","S_ZELLZYKLUS"
"ENSG00000213689","S_ZELLZYKLUS"
"ENSG00000122882","S_ZELLZYKLUS"
"ENSG00000112079","S_ZELLZYKLUS"
"ENSG00000215021","S_ZELLZYKLUS"
"ENSG00000180104","S_ZELLZYKLUS"
"ENSG00000104147","S_ZELLZYKLUS"
"ENSG00000169136","S_ZELLZYKLUS"
"ENSG00000071246","S_ZELLZYKLUS"
"ENSG00000198815","S_ZELLZYKLUS"
"ENSG00000138311","S_ZELLZYKLUS"
"ENSG00000101367","S_ZELLZYKLUS"
"ENSG00000084764","S_ZELLZYKLUS"
"ENSG00000068903","S_ZELLZYKLUS"
"ENSG00000283100","S_ZELLZYKLUS"
"ENSG00000119401","S_ZELLZYKLUS"
"ENSG00000088325","S_ZELLZYKLUS"
"ENSG00000157212","S_ZELLZYKLUS"
"ENSG00000141577","S_ZELLZYKLUS"
"ENSG00000103995","S_ZELLZYKLUS"
"ENSG00000041515","S_ZELLZYKLUS"
"ENSG00000077254","S_ZELLZYKLUS"
"ENSG00000083642","S_ZELLZYKLUS"
"ENSG00000062650","S_ZELLZYKLUS"
"ENSG00000104228","S_ZELLZYKLUS"
"ENSG00000155111","S_ZELLZYKLUS"
"ENSG00000112659","S_ZELLZYKLUS"
"ENSG00000163539","S_ZELLZYKLUS"
"ENSG00000143442","S_ZELLZYKLUS"
"ENSG00000172943","S_ZELLZYKLUS"
"ENSG00000198887","S_ZELLZYKLUS"
"ENSG00000176915","S_ZELLZYKLUS"
"ENSG00000125354","S_ZELLZYKLUS"
"ENSG00000100304","S_ZELLZYKLUS"
"ENSG00000165660","S_ZELLZYKLUS"
"ENSG00000134324","S_ZELLZYKLUS"
"ENSG00000164402","S_ZELLZYKLUS"
"ENSG00000011523","S_ZELLZYKLUS"
"ENSG00000183580","S_ZELLZYKLUS"
"ENSG00000179041","S_ZELLZYKLUS"
"ENSG00000144036","S_ZELLZYKLUS"
"ENSG00000182621","S_ZELLZYKLUS"
"ENSG00000121892","S_ZELLZYKLUS"
"ENSG00000261236","S_ZELLZYKLUS"
"ENSG00000168502","S_ZELLZYKLUS"
"ENSG00000182473","S_ZELLZYKLUS"
"ENSG00000114648","S_ZELLZYKLUS"
"ENSG00000072803","S_ZELLZYKLUS"
"ENSG00000024048","S_ZELLZYKLUS"
"ENSG00000151503","S_ZELLZYKLUS"
"ENSG00000124422","S_ZELLZYKLUS"
"ENSG00000100154","S_ZELLZYKLUS"
"ENSG00000074054","S_ZELLZYKLUS"
"ENSG00000043143","S_ZELLZYKLUS"
"ENSG00000164828","S_ZELLZYKLUS"
"ENSG00000249115","S_ZELLZYKLUS"
"ENSG00000124006","S_ZELLZYKLUS"
"ENSG00000088808","S_ZELLZYKLUS"
"ENSG00000055917","S_ZELLZYKLUS"
"ENSG00000014123","S_ZELLZYKLUS"
"ENSG00000132275","S_ZELLZYKLUS"
"ENSG00000129933","S_ZELLZYKLUS"
"ENSG00000121152","S_ZELLZYKLUS"
"ENSG00000175826","S_ZELLZYKLUS"
"ENSG00000096717","S_ZELLZYKLUS"
"ENSG00000142856","S_ZELLZYKLUS"
"ENSG00000120948","S_ZELLZYKLUS"
"ENSG00000141867","S_ZELLZYKLUS"
"ENSG00000100029","S_ZELLZYKLUS"
"ENSG00000072121","S_ZELLZYKLUS"
"ENSG00000180900","S_ZELLZYKLUS"
"ENSG00000274287","S_ZELLZYKLUS"
"ENSG00000156345","S_ZELLZYKLUS"
"ENSG00000107937","S_ZELLZYKLUS"
"ENSG00000054796","S_ZELLZYKLUS"
"ENSG00000213024","S_ZELLZYKLUS"
"ENSG00000087074","S_ZELLZYKLUS"
"ENSG00000090889","S_ZELLZYKLUS"
"ENSG00000171467","S_ZELLZYKLUS"
"ENSG00000100242","S_ZELLZYKLUS"
"ENSG00000197275","S_ZELLZYKLUS"
"ENSG00000100225","S_ZELLZYKLUS"
"ENSG00000083812","S_ZELLZYKLUS"
"ENSG00000130638","S_ZELLZYKLUS"
"ENSG00000164190","S_ZELLZYKLUS"
"ENSG00000129055","S_ZELLZYKLUS"
"ENSG00000219435","S_ZELLZYKLUS"
"ENSG00000164934","S_ZELLZYKLUS"
"ENSG00000143493","S_ZELLZYKLUS"
"ENSG00000010295","S_ZELLZYKLUS"
"ENSG00000110200","S_ZELLZYKLUS"
"ENSG00000153207","S_ZELLZYKLUS"
"ENSG00000176225","S_ZELLZYKLUS"
"ENSG00000117697","S_ZELLZYKLUS"
"ENSG00000169375","S_ZELLZYKLUS"
"ENSG00000117614","S_ZELLZYKLUS"
"ENSG00000197256","S_ZELLZYKLUS"
"ENSG00000178188","S_ZELLZYKLUS"
"ENSG00000083937","S_ZELLZYKLUS"
"ENSG00000172273","S_ZELLZYKLUS"
"ENSG00000108523","S_ZELLZYKLUS"
"ENSG00000168014","S_ZELLZYKLUS"
"ENSG00000036549","S_ZELLZYKLUS"
"ENSG00000185513","S_ZELLZYKLUS"
"ENSG00000112701","S_ZELLZYKLUS"
"ENSG00000132466","S_ZELLZYKLUS"
"ENSG00000204120","S_ZELLZYKLUS"
"ENSG00000157500","S_ZELLZYKLUS"
"ENSG00000257103","S_ZELLZYKLUS"
"ENSG00000262860","S_ZELLZYKLUS"
"ENSG00000004142","S_ZELLZYKLUS"
"ENSG00000160360","S_ZELLZYKLUS"
"ENSG00000198624","S_ZELLZYKLUS"
"ENSG00000135999","S_ZELLZYKLUS"
"ENSG00000172150","S_ZELLZYKLUS"
"ENSG00000092621","S_ZELLZYKLUS"
"ENSG00000213005","S_ZELLZYKLUS"
"ENSG00000116663","S_ZELLZYKLUS"
"ENSG00000112029","S_ZELLZYKLUS"
"ENSG00000151876","S_ZELLZYKLUS"
"ENSG00000176046","S_ZELLZYKLUS"
"ENSG00000150457","S_ZELLZYKLUS"
"ENSG00000147166","S_ZELLZYKLUS"
"ENSG00000275700","S_ZELLZYKLUS"
"ENSG00000276072","S_ZELLZYKLUS"
"ENSG00000136108","S_ZELLZYKLUS"
"ENSG00000105856","S_ZELLZYKLUS"
"ENSG00000283847","S_ZELLZYKLUS"
"ENSG00000110172","S_ZELLZYKLUS"
"ENSG00000285023","S_ZELLZYKLUS"
"ENSG00000011243","S_ZELLZYKLUS"
"ENSG00000115649","S_ZELLZYKLUS"
"ENSG00000119684","S_ZELLZYKLUS"
"ENSG00000197157","S_ZELLZYKLUS"
"ENSG00000172167","S_ZELLZYKLUS"
"ENSG00000077935","S_ZELLZYKLUS"
"ENSG00000140015","S_ZELLZYKLUS"
"ENSG00000037042","S_ZELLZYKLUS"
"ENSG00000132612","S_ZELLZYKLUS"
"ENSG00000137822","S_ZELLZYKLUS"
"ENSG00000130724","S_ZELLZYKLUS"
"ENSG00000108106","S_ZELLZYKLUS"
"ENSG00000110107","S_ZELLZYKLUS"
"ENSG00000100359","S_ZELLZYKLUS"
"ENSG00000115317","S_ZELLZYKLUS"
"ENSG00000143924","S_ZELLZYKLUS"
"ENSG00000099954","S_ZELLZYKLUS"
"ENSG00000167393","S_ZELLZYKLUS"
"ENSG00000292327","S_ZELLZYKLUS"
"ENSG00000273850","S_ZELLZYKLUS"
"ENSG00000276438","S_ZELLZYKLUS"
"ENSG00000108262","S_ZELLZYKLUS"
"ENSG00000102760","S_ZELLZYKLUS"
"ENSG00000148335","S_ZELLZYKLUS"
"ENSG00000064393","S_ZELLZYKLUS"
"ENSG00000181555","S_ZELLZYKLUS"
"ENSG00000254505","S_ZELLZYKLUS"
"ENSG00000285302","S_ZELLZYKLUS"
"ENSG00000105393","S_ZELLZYKLUS"
"ENSG00000108961","S_ZELLZYKLUS"
"ENSG00000166164","S_ZELLZYKLUS"
"ENSG00000161800","S_ZELLZYKLUS"
"ENSG00000276043","S_ZELLZYKLUS"
"ENSG00000138594","S_ZELLZYKLUS"
"ENSG00000025770","S_ZELLZYKLUS"
"ENSG00000105619","S_ZELLZYKLUS"
"ENSG00000274073","S_ZELLZYKLUS"
"ENSG00000275086","S_ZELLZYKLUS"
"ENSG00000276263","S_ZELLZYKLUS"
"ENSG00000276296","S_ZELLZYKLUS"
"ENSG00000276022","S_ZELLZYKLUS"
"ENSG00000276323","S_ZELLZYKLUS"
"ENSG00000273833","S_ZELLZYKLUS"
"ENSG00000278161","S_ZELLZYKLUS"
"ENSG00000276504","S_ZELLZYKLUS"
"ENSG00000176248","S_ZELLZYKLUS"
"ENSG00000131470","S_ZELLZYKLUS"
"ENSG00000121957","S_ZELLZYKLUS"
"ENSG00000168061","S_ZELLZYKLUS"
"ENSG00000183484","S_ZELLZYKLUS"
"ENSG00000204086","S_ZELLZYKLUS"
"ENSG00000053900","S_ZELLZYKLUS"
"ENSG00000142182","S_ZELLZYKLUS"
"ENSG00000197019","S_ZELLZYKLUS"
"ENSG00000159147","S_ZELLZYKLUS"
"ENSG00000105373","S_ZELLZYKLUS"
"ENSG00000196455","S_ZELLZYKLUS"
"ENSG00000116213","S_ZELLZYKLUS"
"ENSG00000143536","S_ZELLZYKLUS"
"ENSG00000048392","S_ZELLZYKLUS"
"ENSG00000139351","S_ZELLZYKLUS"
"ENSG00000212128","S_ZELLZYKLUS"
"ENSG00000273457","S_ZELLZYKLUS"
"ENSG00000277254","S_ZELLZYKLUS"
"ENSG00000102981","S_ZELLZYKLUS"
"ENSG00000112312","S_ZELLZYKLUS"
"ENSG00000185088","S_ZELLZYKLUS"
"ENSG00000097033","S_ZELLZYKLUS"
"ENSG00000171853","S_ZELLZYKLUS"
"ENSG00000274891","S_ZELLZYKLUS"
"ENSG00000176623","S_ZELLZYKLUS"
"ENSG00000126524","S_ZELLZYKLUS"
"ENSG00000144635","S_ZELLZYKLUS"
"ENSG00000111653","S_ZELLZYKLUS"
"ENSG00000161010","S_ZELLZYKLUS"
"ENSG00000283918","S_ZELLZYKLUS"
"ENSG00000108423","S_ZELLZYKLUS"
"ENSG00000074935","S_ZELLZYKLUS"
"ENSG00000138795","S_ZELLZYKLUS"
"ENSG00000138646","S_ZELLZYKLUS"
"ENSG00000100503","S_ZELLZYKLUS"
"ENSG00000137804","S_ZELLZYKLUS"
"ENSG00000079393","S_ZELLZYKLUS"
"ENSG00000293542","S_ZELLZYKLUS"
"ENSG00000006837","S_ZELLZYKLUS"
"ENSG00000183434","S_ZELLZYKLUS"
"ENSG00000182631","S_ZELLZYKLUS"
"ENSG00000277069","S_ZELLZYKLUS"
"ENSG00000095787","S_ZELLZYKLUS"
"ENSG00000165617","S_ZELLZYKLUS"
"ENSG00000105325","S_ZELLZYKLUS"
"ENSG00000135090","S_ZELLZYKLUS"
"ENSG00000012174","S_ZELLZYKLUS"
"ENSG00000116750","S_ZELLZYKLUS"
"ENSG00000176390","S_ZELLZYKLUS"
"ENSG00000214517","S_ZELLZYKLUS"
"ENSG00000077080","S_ZELLZYKLUS"
"ENSG00000130340","S_ZELLZYKLUS"
"ENSG00000089053","S_ZELLZYKLUS"
"ENSG00000196510","S_ZELLZYKLUS"
"ENSG00000198492","S_ZELLZYKLUS"
"ENSG00000205629","S_ZELLZYKLUS"
"ENSG00000170855","S_ZELLZYKLUS"
"ENSG00000022277","S_ZELLZYKLUS"
"ENSG00000086065","S_ZELLZYKLUS"
"ENSG00000075218","S_ZELLZYKLUS"
"ENSG00000143476","S_ZELLZYKLUS"
"ENSG00000141552","S_ZELLZYKLUS"
"ENSG00000187531","S_ZELLZYKLUS"
"ENSG00000151332","S_ZELLZYKLUS"
"ENSG00000166595","S_ZELLZYKLUS"
"ENSG00000115561","S_ZELLZYKLUS"
"ENSG00000101391","S_ZELLZYKLUS"
"ENSG00000119203","S_ZELLZYKLUS"
"ENSG00000112406","S_ZELLZYKLUS"
"ENSG00000087206","S_ZELLZYKLUS"
"ENSG00000258366","S_ZELLZYKLUS"
"ENSG00000137103","S_ZELLZYKLUS"
"ENSG00000167258","S_ZELLZYKLUS"
"ENSG00000136819","S_ZELLZYKLUS"
"ENSG00000091436","S_ZELLZYKLUS"
"ENSG00000183785","S_ZELLZYKLUS"
"ENSG00000159055","S_ZELLZYKLUS"
"ENSG00000162552","S_ZELLZYKLUS"
"ENSG00000011426","S_ZELLZYKLUS"
"ENSG00000073146","S_ZELLZYKLUS"
"ENSG00000159069","S_ZELLZYKLUS"
"ENSG00000143971","S_ZELLZYKLUS"
"ENSG00000073536","S_ZELLZYKLUS"
"ENSG00000152670","S_ZELLZYKLUS"
"ENSG00000138190","S_ZELLZYKLUS"
"ENSG00000071243","S_ZELLZYKLUS"
"ENSG00000185838","S_ZELLZYKLUS"
"ENSG00000128908","S_ZELLZYKLUS"
"ENSG00000107443","S_ZELLZYKLUS"
"ENSG00000006712","S_ZELLZYKLUS"
"ENSG00000212916","S_ZELLZYKLUS"
"ENSG00000137707","S_ZELLZYKLUS"
"ENSG00000160993","S_ZELLZYKLUS"
"ENSG00000011258","S_ZELLZYKLUS"
"ENSG00000147874","S_ZELLZYKLUS"
"ENSG00000072864","S_ZELLZYKLUS"
"ENSG00000275911","S_ZELLZYKLUS"
"ENSG00000044459","S_ZELLZYKLUS"
"ENSG00000037474","S_ZELLZYKLUS"
"ENSG00000114933","S_ZELLZYKLUS"
"ENSG00000283510","S_ZELLZYKLUS"
"ENSG00000146918","S_ZELLZYKLUS"
"ENSG00000011295","S_ZELLZYKLUS"
"ENSG00000040275","S_ZELLZYKLUS"
"ENSG00000168802","S_ZELLZYKLUS"
"ENSG00000092036","S_ZELLZYKLUS"
"ENSG00000075131","S_ZELLZYKLUS"
"ENSG00000254093","S_ZELLZYKLUS"
"ENSG00000284764","S_ZELLZYKLUS"
"ENSG00000292296","S_ZELLZYKLUS"
"ENSG00000258724","S_ZELLZYKLUS"
"ENSG00000175756","S_ZELLZYKLUS"
"ENSG00000146247","S_ZELLZYKLUS"
"ENSG00000170242","S_ZELLZYKLUS"
"ENSG00000119720","S_ZELLZYKLUS"
"ENSG00000174442","S_ZELLZYKLUS"
"ENSG00000078487","S_ZELLZYKLUS"
"ENSG00000197181","S_ZELLZYKLUS"
"ENSG00000101639","S_ZELLZYKLUS"
"ENSG00000137814","S_ZELLZYKLUS"
"ENSG00000134690","S_ZELLZYKLUS"
"ENSG00000131931","S_ZELLZYKLUS"
"ENSG00000168411","S_ZELLZYKLUS"
"ENSG00000138180","S_ZELLZYKLUS"
"ENSG00000031691","S_ZELLZYKLUS"
"ENSG00000163939","S_ZELLZYKLUS"
"ENSG00000136044","S_ZELLZYKLUS"
"ENSG00000130479","S_ZELLZYKLUS"
"ENSG00000134108","S_ZELLZYKLUS"
"ENSG00000135372","S_ZELLZYKLUS"
"ENSG00000163374","S_ZELLZYKLUS"
"ENSG00000101189","S_ZELLZYKLUS"
"ENSG00000136159","S_ZELLZYKLUS"
"ENSG00000130024","S_ZELLZYKLUS"
"ENSG00000109670","S_ZELLZYKLUS"
"ENSG00000138587","S_ZELLZYKLUS"
"ENSG00000123485","S_ZELLZYKLUS"
"ENSG00000177595","S_ZELLZYKLUS"
"ENSG00000103056","S_ZELLZYKLUS"
"ENSG00000152503","S_ZELLZYKLUS"
"ENSG00000132819","S_ZELLZYKLUS"
"ENSG00000213397","S_ZELLZYKLUS"
"ENSG00000110497","S_ZELLZYKLUS"
"ENSG00000196504","S_ZELLZYKLUS"
"ENSG00000163872","S_ZELLZYKLUS"
"ENSG00000058804","S_ZELLZYKLUS"
"ENSG00000119906","S_ZELLZYKLUS"
"ENSG00000112877","S_ZELLZYKLUS"
"ENSG00000280688","S_ZELLZYKLUS"
"ENSG00000064102","S_ZELLZYKLUS"
"ENSG00000000460","S_ZELLZYKLUS"
"ENSG00000072609","S_ZELLZYKLUS"
"ENSG00000138758","S_ZELLZYKLUS"
"ENSG00000136861","S_ZELLZYKLUS"
"ENSG00000138442","S_ZELLZYKLUS"
"ENSG00000090989","S_ZELLZYKLUS"
"ENSG00000112685","S_ZELLZYKLUS"
"ENSG00000068489","S_ZELLZYKLUS"
"ENSG00000058729","S_ZELLZYKLUS"
"ENSG00000086712","S_ZELLZYKLUS"
"ENSG00000126226","S_ZELLZYKLUS"
"ENSG00000065970","S_ZELLZYKLUS"
"ENSG00000151849","S_ZELLZYKLUS"
"ENSG00000166451","S_ZELLZYKLUS"
"ENSG00000291964","S_ZELLZYKLUS"
"ENSG00000175470","S_ZELLZYKLUS"
"ENSG00000088970","S_ZELLZYKLUS"
"ENSG00000147099","S_ZELLZYKLUS"
"ENSG00000168078","S_ZELLZYKLUS"
"ENSG00000005483","S_ZELLZYKLUS"
"ENSG00000147439","S_ZELLZYKLUS"
"ENSG00000179051","S_ZELLZYKLUS"
"ENSG00000281540","S_ZELLZYKLUS"
"ENSG00000178028","S_ZELLZYKLUS"
"ENSG00000198642","S_ZELLZYKLUS"
"ENSG00000100167","S_ZELLZYKLUS"
"ENSG00000088833","S_ZELLZYKLUS"
"ENSG00000133863","S_ZELLZYKLUS"
"ENSG00000121101","S_ZELLZYKLUS"
"ENSG00000150783","S_ZELLZYKLUS"
"ENSG00000120498","S_ZELLZYKLUS"
"ENSG00000095627","S_ZELLZYKLUS"
"ENSG00000099994","S_ZELLZYKLUS"
"ENSG00000146834","S_ZELLZYKLUS"
"ENSG00000289690","S_ZELLZYKLUS"
"ENSG00000102409","S_ZELLZYKLUS"
"ENSG00000165819","S_ZELLZYKLUS"
"ENSG00000177519","S_ZELLZYKLUS"
"ENSG00000003137","S_ZELLZYKLUS"
"ENSG00000188611","S_ZELLZYKLUS"
"ENSG00000107949","S_ZELLZYKLUS"
"ENSG00000204599","S_ZELLZYKLUS"
"ENSG00000226437","S_ZELLZYKLUS"
"ENSG00000224994","S_ZELLZYKLUS"
"ENSG00000230308","S_ZELLZYKLUS"
"ENSG00000229929","S_ZELLZYKLUS"
"ENSG00000232839","S_ZELLZYKLUS"
"ENSG00000206495","S_ZELLZYKLUS"
"ENSG00000155816","S_ZELLZYKLUS"
"ENSG00000070950","S_ZELLZYKLUS"
"ENSG00000111554","S_ZELLZYKLUS"
"ENSG00000176907","S_ZELLZYKLUS"
"ENSG00000134278","S_ZELLZYKLUS"
"ENSG00000163104","S_ZELLZYKLUS"
"ENSG00000164256","S_ZELLZYKLUS"
"ENSG00000292167","S_ZELLZYKLUS"
"ENSG00000019485","S_ZELLZYKLUS"
"ENSG00000128789","S_ZELLZYKLUS"
"ENSG00000163808","S_ZELLZYKLUS"
"ENSG00000280610","S_ZELLZYKLUS"
"ENSG00000163660","S_ZELLZYKLUS"
"ENSG00000241360","S_ZELLZYKLUS"
"ENSG00000164532","S_ZELLZYKLUS"
"ENSG00000137812","S_ZELLZYKLUS"
"ENSG00000169857","S_ZELLZYKLUS"
"ENSG00000255112","S_ZELLZYKLUS"
"ENSG00000198835","S_ZELLZYKLUS"
"ENSG00000149474","S_ZELLZYKLUS"
"ENSG00000167614","S_ZELLZYKLUS"
"ENSG00000276537","S_ZELLZYKLUS"
"ENSG00000276887","S_ZELLZYKLUS"
"ENSG00000275650","S_ZELLZYKLUS"
"ENSG00000111732","S_ZELLZYKLUS"
"ENSG00000152253","S_ZELLZYKLUS"
"ENSG00000277909","S_ZELLZYKLUS"
"ENSG00000115760","S_ZELLZYKLUS"
"ENSG00000049618","S_ZELLZYKLUS"
"ENSG00000057935","S_ZELLZYKLUS"
"ENSG00000159433","S_ZELLZYKLUS"
"ENSG00000138411","S_ZELLZYKLUS"
"ENSG00000141564","S_ZELLZYKLUS"
"ENSG00000160551","S_ZELLZYKLUS"
"ENSG00000110318","S_ZELLZYKLUS"
"ENSG00000183495","S_ZELLZYKLUS"
"ENSG00000048028","S_ZELLZYKLUS"
"ENSG00000076826","S_ZELLZYKLUS"
"ENSG00000131864","S_ZELLZYKLUS"
"ENSG00000135913","S_ZELLZYKLUS"
"ENSG00000187790","S_ZELLZYKLUS"
"ENSG00000135835","S_ZELLZYKLUS"
"ENSG00000007047","S_ZELLZYKLUS"
"ENSG00000198797","S_ZELLZYKLUS"
"ENSG00000158941","S_ZELLZYKLUS"
"ENSG00000100814","S_ZELLZYKLUS"
"ENSG00000291784","S_ZELLZYKLUS"
"ENSG00000144579","S_ZELLZYKLUS"
"ENSG00000116574","S_ZELLZYKLUS"
"ENSG00000284984","S_ZELLZYKLUS"
"ENSG00000101413","S_ZELLZYKLUS"
"ENSG00000148153","S_ZELLZYKLUS"
"ENSG00000125850","S_ZELLZYKLUS"
"ENSG00000011451","S_ZELLZYKLUS"
"ENSG00000131558","S_ZELLZYKLUS"
"ENSG00000135249","S_ZELLZYKLUS"
"ENSG00000116691","S_ZELLZYKLUS"
"ENSG00000142025","S_ZELLZYKLUS"
"ENSG00000092853","S_ZELLZYKLUS"
"ENSG00000137177","S_ZELLZYKLUS"
"ENSG00000132436","S_ZELLZYKLUS"
"ENSG00000184205","S_ZELLZYKLUS"
"ENSG00000112562","S_ZELLZYKLUS"
"ENSG00000123219","S_ZELLZYKLUS"
"ENSG00000109805","S_ZELLZYKLUS"
"ENSG00000155229","S_ZELLZYKLUS"
"ENSG00000163512","S_ZELLZYKLUS"
"ENSG00000153107","S_ZELLZYKLUS"
"ENSG00000163875","S_ZELLZYKLUS"
"ENSG00000181938","S_ZELLZYKLUS"
"ENSG00000130695","S_ZELLZYKLUS"
"ENSG00000047188","S_ZELLZYKLUS"
"ENSG00000173559","S_ZELLZYKLUS"
"ENSG00000153044","S_ZELLZYKLUS"
"ENSG00000138395","S_ZELLZYKLUS"
"ENSG00000143624","S_ZELLZYKLUS"
"ENSG00000262826","S_ZELLZYKLUS"
"ENSG00000060237","S_ZELLZYKLUS"
"ENSG00000130413","S_ZELLZYKLUS"
"ENSG00000204138","S_ZELLZYKLUS"
"ENSG00000198171","S_ZELLZYKLUS"
"ENSG00000152430","S_ZELLZYKLUS"
"ENSG00000127423","S_ZELLZYKLUS"
"ENSG00000167842","S_ZELLZYKLUS"
"ENSG00000100162","S_ZELLZYKLUS"
"ENSG00000075188","S_ZELLZYKLUS"
"ENSG00000197343","S_ZELLZYKLUS"
"ENSG00000139579","S_ZELLZYKLUS"
"ENSG00000136982","S_ZELLZYKLUS"
"ENSG00000138092","S_ZELLZYKLUS"
"ENSG00000132016","S_ZELLZYKLUS"
"ENSG00000288152","S_ZELLZYKLUS"
"ENSG00000107872","S_ZELLZYKLUS"
"ENSG00000185515","S_ZELLZYKLUS"
"ENSG00000105255","S_ZELLZYKLUS"
"ENSG00000290203","S_ZELLZYKLUS"
"ENSG00000255346","S_ZELLZYKLUS"
"ENSG00000214367","S_ZELLZYKLUS"
"ENSG00000101197","S_ZELLZYKLUS"
"ENSG00000280789","S_ZELLZYKLUS"
"ENSG00000180658","S_ZELLZYKLUS"
"ENSG00000134371","S_ZELLZYKLUS"
"ENSG00000182504","S_ZELLZYKLUS"
"ENSG00000135083","S_ZELLZYKLUS"
"ENSG00000136104","S_ZELLZYKLUS"
"ENSG00000176108","S_ZELLZYKLUS"
"ENSG00000147316","S_ZELLZYKLUS"
"ENSG00000163029","S_ZELLZYKLUS"
"ENSG00000151725","S_ZELLZYKLUS"
"ENSG00000173715","S_ZELLZYKLUS"
"ENSG00000129173","S_ZELLZYKLUS"
"ENSG00000103264","S_ZELLZYKLUS"
"ENSG00000104953","S_ZELLZYKLUS"
"ENSG00000155666","S_ZELLZYKLUS"
"ENSG00000150636","S_ZELLZYKLUS"
"ENSG00000104218","S_ZELLZYKLUS"
"ENSG00000114670","S_ZELLZYKLUS"
"ENSG00000178462","S_ZELLZYKLUS"
"ENSG00000136122","S_ZELLZYKLUS"
"ENSG00000164114","S_ZELLZYKLUS"
"ENSG00000197771","S_ZELLZYKLUS"
"ENSG00000122390","S_ZELLZYKLUS"
"ENSG00000101442","S_ZELLZYKLUS"
"ENSG00000176208","S_ZELLZYKLUS"
"ENSG00000105219","S_ZELLZYKLUS"
"ENSG00000101624","S_ZELLZYKLUS"
"ENSG00000077684","S_ZELLZYKLUS"
"ENSG00000092470","S_ZELLZYKLUS"
"ENSG00000149636","S_ZELLZYKLUS"
"ENSG00000144031","S_ZELLZYKLUS"
"ENSG00000178966","S_ZELLZYKLUS"
"ENSG00000243910","S_ZELLZYKLUS"
"ENSG00000183779","S_ZELLZYKLUS"
"ENSG00000102901","S_ZELLZYKLUS"
"ENSG00000178971","S_ZELLZYKLUS"
"ENSG00000161692","S_ZELLZYKLUS"
"ENSG00000278259","S_ZELLZYKLUS"
"ENSG00000278372","S_ZELLZYKLUS"
"ENSG00000129696","S_ZELLZYKLUS"
"ENSG00000172732","S_ZELLZYKLUS"
"ENSG00000121579","S_ZELLZYKLUS"
"ENSG00000182923","S_ZELLZYKLUS"
"ENSG00000108465","S_ZELLZYKLUS"
"ENSG00000120616","S_ZELLZYKLUS"
"ENSG00000168476","S_ZELLZYKLUS"
"ENSG00000123576","S_ZELLZYKLUS"
"ENSG00000164118","S_ZELLZYKLUS"
"ENSG00000179002","S_ZELLZYKLUS"
"ENSG00000101162","S_ZELLZYKLUS"
"ENSG00000166579","S_ZELLZYKLUS"
"ENSG00000101447","S_ZELLZYKLUS"
"ENSG00000167513","S_ZELLZYKLUS"
"ENSG00000139734","S_ZELLZYKLUS"
"ENSG00000157060","S_ZELLZYKLUS"
"ENSG00000221978","S_ZELLZYKLUS"
"ENSG00000137210","S_ZELLZYKLUS"
"ENSG00000149679","S_ZELLZYKLUS"
"ENSG00000085415","S_ZELLZYKLUS"
"ENSG00000121621","S_ZELLZYKLUS"
"ENSG00000115274","S_ZELLZYKLUS"
"ENSG00000151475","S_ZELLZYKLUS"
"ENSG00000143228","S_ZELLZYKLUS"
"ENSG00000125898","S_ZELLZYKLUS"
"ENSG00000138496","S_ZELLZYKLUS"
"ENSG00000171792","S_ZELLZYKLUS"
"ENSG00000134588","S_ZELLZYKLUS"
"ENSG00000136169","S_ZELLZYKLUS"
"ENSG00000177602","S_ZELLZYKLUS"
"ENSG00000169515","S_ZELLZYKLUS"
"ENSG00000136492","S_ZELLZYKLUS"
"ENSG00000121211","S_ZELLZYKLUS"
"ENSG00000143452","S_ZELLZYKLUS"
"ENSG00000124074","S_ZELLZYKLUS"
"ENSG00000222014","S_ZELLZYKLUS"
"ENSG00000292140","S_ZELLZYKLUS"
"ENSG00000136014","S_ZELLZYKLUS"
"ENSG00000164053","S_ZELLZYKLUS"
"ENSG00000163322","S_ZELLZYKLUS"
"ENSG00000166797","S_ZELLZYKLUS"
"ENSG00000118156","S_ZELLZYKLUS"
"ENSG00000133302","S_ZELLZYKLUS"
"ENSG00000168395","S_ZELLZYKLUS"
"ENSG00000132846","S_ZELLZYKLUS"
"ENSG00000119147","S_ZELLZYKLUS"
"ENSG00000131242","S_ZELLZYKLUS"
"ENSG00000104885","S_ZELLZYKLUS"
"ENSG00000107816","S_ZELLZYKLUS"
"ENSG00000160469","S_ZELLZYKLUS"
"ENSG00000188827","S_ZELLZYKLUS"
"ENSG00000204991","S_ZELLZYKLUS"
"ENSG00000178184","S_ZELLZYKLUS"
"ENSG00000124171","S_ZELLZYKLUS"
"ENSG00000176014","S_ZELLZYKLUS"
"ENSG00000146216","S_ZELLZYKLUS"
"ENSG00000169129","S_ZELLZYKLUS"
"ENSG00000141200","S_ZELLZYKLUS"
"ENSG00000168348","S_ZELLZYKLUS"
"ENSG00000108819","S_ZELLZYKLUS"
"ENSG00000141255","S_ZELLZYKLUS"
"ENSG00000133134","S_ZELLZYKLUS"
"ENSG00000134222","S_ZELLZYKLUS"
"ENSG00000167553","S_ZELLZYKLUS"
"ENSG00000165655","S_ZELLZYKLUS"
"ENSG00000099910","S_ZELLZYKLUS"
"ENSG00000154144","S_ZELLZYKLUS"
"ENSG00000120539","S_ZELLZYKLUS"
"ENSG00000166140","S_ZELLZYKLUS"
"ENSG00000143194","S_ZELLZYKLUS"
"ENSG00000181817","S_ZELLZYKLUS"
"ENSG00000128159","S_ZELLZYKLUS"
"ENSG00000147082","S_ZELLZYKLUS"
"ENSG00000166004","S_ZELLZYKLUS"
"ENSG00000138035","S_ZELLZYKLUS"
"ENSG00000160188","S_ZELLZYKLUS"
"ENSG00000186193","S_ZELLZYKLUS"
"ENSG00000238227","S_ZELLZYKLUS"
"ENSG00000003096","S_ZELLZYKLUS"
"ENSG00000167543","S_ZELLZYKLUS"
"ENSG00000140534","S_ZELLZYKLUS"
"ENSG00000128944","S_ZELLZYKLUS"
"ENSG00000174606","S_ZELLZYKLUS"
"ENSG00000167702","S_ZELLZYKLUS"
"ENSG00000164953","S_ZELLZYKLUS"
"ENSG00000145919","S_ZELLZYKLUS"
"ENSG00000198783","S_ZELLZYKLUS"
"ENSG00000172716","S_ZELLZYKLUS"
"ENSG00000173809","S_ZELLZYKLUS"
"ENSG00000120334","S_ZELLZYKLUS"
"ENSG00000119638","S_ZELLZYKLUS"
"ENSG00000134508","S_ZELLZYKLUS"
"ENSG00000147457","S_ZELLZYKLUS"
"ENSG00000262919","S_ZELLZYKLUS"
"ENSG00000266173","S_ZELLZYKLUS"
"ENSG00000164695","S_ZELLZYKLUS"
"ENSG00000131351","S_ZELLZYKLUS"
"ENSG00000171772","S_ZELLZYKLUS"
"ENSG00000170846","S_ZELLZYKLUS"
"ENSG00000141052","S_ZELLZYKLUS"
"ENSG00000113812","S_ZELLZYKLUS"
"ENSG00000164938","S_ZELLZYKLUS"
"ENSG00000293247","S_ZELLZYKLUS"
"ENSG00000178996","S_ZELLZYKLUS"
"ENSG00000152086","S_ZELLZYKLUS"
"ENSG00000292120","S_ZELLZYKLUS"
"ENSG00000176476","S_ZELLZYKLUS"
"ENSG00000146670","S_ZELLZYKLUS"
"ENSG00000075886","S_ZELLZYKLUS"
"ENSG00000096093","S_ZELLZYKLUS"
"ENSG00000275835","S_ZELLZYKLUS"
"ENSG00000276856","S_ZELLZYKLUS"
"ENSG00000280807","S_ZELLZYKLUS"
"ENSG00000141446","S_ZELLZYKLUS"
"ENSG00000232040","S_ZELLZYKLUS"
"ENSG00000248496","S_ZELLZYKLUS"
"ENSG00000152240","S_ZELLZYKLUS"
"ENSG00000147854","S_ZELLZYKLUS"
"ENSG00000158246","S_ZELLZYKLUS"
"ENSG00000175643","S_ZELLZYKLUS"
"ENSG00000124702","S_ZELLZYKLUS"
"ENSG00000187866","S_ZELLZYKLUS"
"ENSG00000112053","S_ZELLZYKLUS"
"ENSG00000170037","S_ZELLZYKLUS"
"ENSG00000117155","S_ZELLZYKLUS"
"ENSG00000183695","S_ZELLZYKLUS"
"ENSG00000165828","S_ZELLZYKLUS"
"ENSG00000154493","S_ZELLZYKLUS"
"ENSG00000166295","S_ZELLZYKLUS"
"ENSG00000139350","S_ZELLZYKLUS"
"ENSG00000156414","S_ZELLZYKLUS"
"ENSG00000188215","S_ZELLZYKLUS"
"ENSG00000140623","S_ZELLZYKLUS"
"ENSG00000176160","S_ZELLZYKLUS"
"ENSG00000168517","S_ZELLZYKLUS"
"ENSG00000176563","S_ZELLZYKLUS"
"ENSG00000153391","S_ZELLZYKLUS"
"ENSG00000171487","S_ZELLZYKLUS"
"ENSG00000099812","S_ZELLZYKLUS"
"ENSG00000185988","S_ZELLZYKLUS"
"ENSG00000160117","S_ZELLZYKLUS"
"ENSG00000154429","S_ZELLZYKLUS"
"ENSG00000143862","S_ZELLZYKLUS"
"ENSG00000152332","S_ZELLZYKLUS"
"ENSG00000162814","S_ZELLZYKLUS"
"ENSG00000183856","S_ZELLZYKLUS"
"ENSG00000291754","S_ZELLZYKLUS"
"ENSG00000101421","S_ZELLZYKLUS"
"ENSG00000158411","S_ZELLZYKLUS"
"ENSG00000144535","S_ZELLZYKLUS"
"ENSG00000159374","S_ZELLZYKLUS"
"ENSG00000206557","S_ZELLZYKLUS"
"ENSG00000291501","S_ZELLZYKLUS"
"ENSG00000163870","S_ZELLZYKLUS"
"ENSG00000198585","S_ZELLZYKLUS"
"ENSG00000178804","S_ZELLZYKLUS"
"ENSG00000179059","S_ZELLZYKLUS"
"ENSG00000155858","S_ZELLZYKLUS"
"ENSG00000188996","S_ZELLZYKLUS"
"ENSG00000154438","S_ZELLZYKLUS"
"ENSG00000215114","S_ZELLZYKLUS"
"ENSG00000122728","S_ZELLZYKLUS"
"ENSG00000151414","S_ZELLZYKLUS"
"ENSG00000149639","S_ZELLZYKLUS"
"ENSG00000165496","S_ZELLZYKLUS"
"ENSG00000151893","S_ZELLZYKLUS"
"ENSG00000154611","S_ZELLZYKLUS"
"ENSG00000134627","S_ZELLZYKLUS"
"ENSG00000139174","S_ZELLZYKLUS"
"ENSG00000165891","S_ZELLZYKLUS"
"ENSG00000151164","S_ZELLZYKLUS"
"ENSG00000167014","S_ZELLZYKLUS"
"ENSG00000168676","S_ZELLZYKLUS"
"ENSG00000175662","S_ZELLZYKLUS"
"ENSG00000161973","S_ZELLZYKLUS"
"ENSG00000186185","S_ZELLZYKLUS"
"ENSG00000154920","S_ZELLZYKLUS"
"ENSG00000161888","S_ZELLZYKLUS"
"ENSG00000161609","S_ZELLZYKLUS"
"ENSG00000105428","S_ZELLZYKLUS"
"ENSG00000162819","S_ZELLZYKLUS"
"ENSG00000116273","S_ZELLZYKLUS"
"ENSG00000116903","S_ZELLZYKLUS"
"ENSG00000149657","S_ZELLZYKLUS"
"ENSG00000142178","S_ZELLZYKLUS"
"ENSG00000176635","S_ZELLZYKLUS"
"ENSG00000167077","S_ZELLZYKLUS"
"ENSG00000114999","S_ZELLZYKLUS"
"ENSG00000186522","S_ZELLZYKLUS"
"ENSG00000163249","S_ZELLZYKLUS"
"ENSG00000163535","S_ZELLZYKLUS"
"ENSG00000163840","S_ZELLZYKLUS"
"ENSG00000129810","S_ZELLZYKLUS"
"ENSG00000114547","S_ZELLZYKLUS"
"ENSG00000163491","S_ZELLZYKLUS"
"ENSG00000163611","S_ZELLZYKLUS"
"ENSG00000136848","S_ZELLZYKLUS"
"ENSG00000168944","S_ZELLZYKLUS"
"ENSG00000184661","S_ZELLZYKLUS"
"ENSG00000171320","S_ZELLZYKLUS"
"ENSG00000178460","S_ZELLZYKLUS"
"ENSG00000165181","S_ZELLZYKLUS"
"ENSG00000198930","S_ZELLZYKLUS"
"ENSG00000292188","S_ZELLZYKLUS"
"ENSG00000247746","S_ZELLZYKLUS"
"ENSG00000165325","S_ZELLZYKLUS"
"ENSG00000178997","S_ZELLZYKLUS"
"ENSG00000153930","S_ZELLZYKLUS"
"ENSG00000156876","S_ZELLZYKLUS"
"ENSG00000143751","S_ZELLZYKLUS"
"ENSG00000162669","S_ZELLZYKLUS"
"ENSG00000183066","S_ZELLZYKLUS"
"ENSG00000168826","S_ZELLZYKLUS"
"ENSG00000151962","S_ZELLZYKLUS"
"ENSG00000218305","S_ZELLZYKLUS"
"ENSG00000177683","S_ZELLZYKLUS"
"ENSG00000183304","S_ZELLZYKLUS"
"ENSG00000177138","S_ZELLZYKLUS"
"ENSG00000187268","S_ZELLZYKLUS"
"ENSG00000134698","S_ZELLZYKLUS"
"ENSG00000189079","S_ZELLZYKLUS"
"ENSG00000197774","S_ZELLZYKLUS"
"ENSG00000185909","S_ZELLZYKLUS"
"ENSG00000166582","S_ZELLZYKLUS"
"ENSG00000179598","S_ZELLZYKLUS"
"ENSG00000169689","S_ZELLZYKLUS"
"ENSG00000196230","S_ZELLZYKLUS"
"ENSG00000224156","S_ZELLZYKLUS"
"ENSG00000232421","S_ZELLZYKLUS"
"ENSG00000232575","S_ZELLZYKLUS"
"ENSG00000235067","S_ZELLZYKLUS"
"ENSG00000229684","S_ZELLZYKLUS"
"ENSG00000227739","S_ZELLZYKLUS"
"ENSG00000183311","S_ZELLZYKLUS"
"ENSG00000165730","S_ZELLZYKLUS"
"ENSG00000108100","S_ZELLZYKLUS"
"ENSG00000165490","S_ZELLZYKLUS"
"ENSG00000154839","S_ZELLZYKLUS"
"ENSG00000262634","S_ZELLZYKLUS"
"ENSG00000165478","S_ZELLZYKLUS"
"ENSG00000165476","S_ZELLZYKLUS"
"ENSG00000165480","S_ZELLZYKLUS"
"ENSG00000198663","S_ZELLZYKLUS"
"ENSG00000153157","S_ZELLZYKLUS"
"ENSG00000160813","S_ZELLZYKLUS"
"ENSG00000181085","S_ZELLZYKLUS"
"ENSG00000274205","S_ZELLZYKLUS"
"ENSG00000163806","S_ZELLZYKLUS"
"ENSG00000176386","S_ZELLZYKLUS"
"ENSG00000166263","S_ZELLZYKLUS"
"ENSG00000188175","S_ZELLZYKLUS"
"ENSG00000162039","S_ZELLZYKLUS"
"ENSG00000282650","S_ZELLZYKLUS"
"ENSG00000170209","S_ZELLZYKLUS"
"ENSG00000182585","S_ZELLZYKLUS"
"ENSG00000214309","S_ZELLZYKLUS"
"ENSG00000145700","S_ZELLZYKLUS"
"ENSG00000161860","S_ZELLZYKLUS"
"ENSG00000149499","S_ZELLZYKLUS"
"ENSG00000173548","S_ZELLZYKLUS"
"ENSG00000066279","S_ZELLZYKLUS"
"ENSG00000173213","S_ZELLZYKLUS"
"ENSG00000143155","S_ZELLZYKLUS"
"ENSG00000139323","S_ZELLZYKLUS"
"ENSG00000254598","S_ZELLZYKLUS"
"ENSG00000168070","S_ZELLZYKLUS"
"ENSG00000139540","S_ZELLZYKLUS"
"ENSG00000180116","S_ZELLZYKLUS"
"ENSG00000198824","S_ZELLZYKLUS"
"ENSG00000183324","S_ZELLZYKLUS"
"ENSG00000249961","S_ZELLZYKLUS"
"ENSG00000169592","S_ZELLZYKLUS"
"ENSG00000176155","S_ZELLZYKLUS"
"ENSG00000180336","S_ZELLZYKLUS"
"ENSG00000188368","S_ZELLZYKLUS"
"ENSG00000075702","S_ZELLZYKLUS"
"ENSG00000178222","S_ZELLZYKLUS"
"ENSG00000226650","S_ZELLZYKLUS"
"ENSG00000136206","S_ZELLZYKLUS"
"ENSG00000156831","S_ZELLZYKLUS"
"ENSG00000156509","S_ZELLZYKLUS"
"ENSG00000215174","S_ZELLZYKLUS"
"ENSG00000183814","S_ZELLZYKLUS"
"ENSG00000179008","S_ZELLZYKLUS"
"ENSG00000186166","S_ZELLZYKLUS"
"ENSG00000280975","S_ZELLZYKLUS"
"ENSG00000188425","S_ZELLZYKLUS"
"ENSG00000162670","S_ZELLZYKLUS"
"ENSG00000173421","S_ZELLZYKLUS"
"ENSG00000178199","S_ZELLZYKLUS"
"ENSG00000170959","S_ZELLZYKLUS"
"ENSG00000187556","S_ZELLZYKLUS"
"ENSG00000288505","S_ZELLZYKLUS"
"ENSG00000205111","S_ZELLZYKLUS"
"ENSG00000234602","S_ZELLZYKLUS"
"ENSG00000154997","S_ZELLZYKLUS"
"ENSG00000146857","S_ZELLZYKLUS"
"ENSG00000261456","S_ZELLZYKLUS"
"ENSG00000137285","S_ZELLZYKLUS"
"ENSG00000182628","S_ZELLZYKLUS"
"ENSG00000178295","S_ZELLZYKLUS"
"ENSG00000120253","S_ZELLZYKLUS"
"ENSG00000170236","S_ZELLZYKLUS"
"ENSG00000223443","S_ZELLZYKLUS"
"ENSG00000284975","S_ZELLZYKLUS"
"ENSG00000175279","S_ZELLZYKLUS"
"ENSG00000203760","S_ZELLZYKLUS"
"ENSG00000188373","S_ZELLZYKLUS"
"ENSG00000188487","S_ZELLZYKLUS"
"ENSG00000204710","S_ZELLZYKLUS"
"ENSG00000183955","S_ZELLZYKLUS"
"ENSG00000255192","S_ZELLZYKLUS"
"ENSG00000196388","S_ZELLZYKLUS"
"ENSG00000183318","S_ZELLZYKLUS"
"ENSG00000237452","S_ZELLZYKLUS"
"ENSG00000253368","S_ZELLZYKLUS"
"ENSG00000203910","S_ZELLZYKLUS"
"ENSG00000185290","S_ZELLZYKLUS"
"ENSG00000189233","S_ZELLZYKLUS"
"ENSG00000250374","S_ZELLZYKLUS"
"ENSG00000182459","S_ZELLZYKLUS"
"ENSG00000188312","S_ZELLZYKLUS"
"ENSG00000291348","S_ZELLZYKLUS"
"ENSG00000199035","S_ZELLZYKLUS"
"ENSG00000284038","S_ZELLZYKLUS"
"ENSG00000283927","S_ZELLZYKLUS"
"ENSG00000207993","S_ZELLZYKLUS"
"ENSG00000284202","S_ZELLZYKLUS"
"ENSG00000283785","S_ZELLZYKLUS"
"ENSG00000207779","S_ZELLZYKLUS"
"ENSG00000208006","S_ZELLZYKLUS"
"ENSG00000207614","S_ZELLZYKLUS"
"ENSG00000284112","S_ZELLZYKLUS"
"ENSG00000207752","S_ZELLZYKLUS"
"ENSG00000284375","S_ZELLZYKLUS"
"ENSG00000207730","S_ZELLZYKLUS"
"ENSG00000199157","S_ZELLZYKLUS"
"ENSG00000284190","S_ZELLZYKLUS"
"ENSG00000283844","S_ZELLZYKLUS"
"ENSG00000207870","S_ZELLZYKLUS"
"ENSG00000207725","S_ZELLZYKLUS"
"ENSG00000199075","S_ZELLZYKLUS"
"ENSG00000199121","S_ZELLZYKLUS"
"ENSG00000284032","S_ZELLZYKLUS"
"ENSG00000283797","S_ZELLZYKLUS"
"ENSG00000284214","S_ZELLZYKLUS"
"ENSG00000199094","S_ZELLZYKLUS"
"ENSG00000284357","S_ZELLZYKLUS"
"ENSG00000290445","S_ZELLZYKLUS"
"ENSG00000198355","S_ZELLZYKLUS"
"ENSG00000204899","S_ZELLZYKLUS"
"ENSG00000128829","S_ZELLZYKLUS"
"ENSG00000267795","S_ZELLZYKLUS"
"ENSG00000184571","S_ZELLZYKLUS"
"ENSG00000203907","S_ZELLZYKLUS"
"ENSG00000214300","S_ZELLZYKLUS"
"ENSG00000205238","S_ZELLZYKLUS"
"ENSG00000230358","S_ZELLZYKLUS"
"ENSG00000170092","S_ZELLZYKLUS"
"ENSG00000199080","S_ZELLZYKLUS"
"ENSG00000199095","S_ZELLZYKLUS"
"ENSG00000284231","S_ZELLZYKLUS"
"ENSG00000214102","S_ZELLZYKLUS"
"ENSG00000263042","S_ZELLZYKLUS"
"ENSG00000208015","S_ZELLZYKLUS"
"ENSG00000284565","S_ZELLZYKLUS"
"ENSG00000207743","S_ZELLZYKLUS"
"ENSG00000207616","S_ZELLZYKLUS"
"ENSG00000207594","S_ZELLZYKLUS"
"ENSG00000207981","S_ZELLZYKLUS"
"ENSG00000207861","S_ZELLZYKLUS"
"ENSG00000208005","S_ZELLZYKLUS"
"ENSG00000286137","S_ZELLZYKLUS"
"ENSG00000244588","S_ZELLZYKLUS"
"ENSG00000233436","S_ZELLZYKLUS"
"ENSG00000274570","S_ZELLZYKLUS"
"ENSG00000217442","S_ZELLZYKLUS"
"ENSG00000205089","S_ZELLZYKLUS"
"ENSG00000205835","S_ZELLZYKLUS"
"ENSG00000207741","S_ZELLZYKLUS"
"ENSG00000207972","S_ZELLZYKLUS"
"ENSG00000166160","S_ZELLZYKLUS"
"ENSG00000273520","S_ZELLZYKLUS"
"ENSG00000239642","S_ZELLZYKLUS"
"ENSG00000008128","S_ZELLZYKLUS"
"ENSG00000104983","S_ZELLZYKLUS"
"ENSG00000260097","S_ZELLZYKLUS"
"ENSG00000184616","S_ZELLZYKLUS"
"ENSG00000216098","S_ZELLZYKLUS"
"ENSG00000215939","S_ZELLZYKLUS"
"ENSG00000205078","S_ZELLZYKLUS"
"ENSG00000260596","S_ZELLZYKLUS"
"ENSG00000283949","S_ZELLZYKLUS"
"ENSG00000173678","S_ZELLZYKLUS"
"ENSG00000284251","S_ZELLZYKLUS"
"ENSG00000205482","S_ZELLZYKLUS"
"ENSG00000215277","S_ZELLZYKLUS"
"ENSG00000266560","S_ZELLZYKLUS"
"ENSG00000178404","S_ZELLZYKLUS"
"ENSG00000275976","S_ZELLZYKLUS"
"ENSG00000281128","S_ZELLZYKLUS"
"ENSG00000269964","S_ZELLZYKLUS"
"ENSG00000185040","S_ZELLZYKLUS"
"ENSG00000281950","S_ZELLZYKLUS"
"ENSG00000186645","S_ZELLZYKLUS"
"ENSG00000286014","S_ZELLZYKLUS"
