n_a,n_b,kontrast,null_mittel,null_sd,z,p,mde80,status,zone,probe,vergleich
12,10,0.6853723526000977,0.00022944753228221088,0.12737569694508422,5.378913886243172,0.0002999850007499625,0.356881398978518,ok,MesCond,Pcw5.1_WholeLimb_LowerLimb,chondrogen_vs_naiv
17,17,0.11528150737285614,3.5978396027348935e-05,0.10066918443718953,1.1447945031156368,0.18609069546522675,0.28190969482015804,ok,MesCond,Pcw5.1_WholeLimb_LowerLimb,osteogen_vs_adipogen
12,10,0.3750053644180298,5.547896912321449e-06,0.13052636803268952,2.872981315370708,0.020198990050497474,0.36547937838844297,ok,MesCond,Pcw6.1_Distal_UpperLimb,chondrogen_vs_naiv
17,17,0.1186271458864212,3.867105673998594e-05,0.10267531933063637,1.154985205819532,0.1864906754662267,0.2875295651825218,ok,MesCond,Pcw6.1_Distal_UpperLimb,osteogen_vs_adipogen
12,10,0.2577682137489319,5.664864764548838e-06,0.12923986968497264,1.9944507024997307,0.0671966401679916,0.3618772999826879,ok,MesCond,Pcw6.1_Distal_LowerLimb,chondrogen_vs_naiv
17,17,0.10042513906955719,6.456490135751665e-05,0.101793450962095,0.9859236838877887,0.22648867556622168,0.2850862275952235,ok,MesCond,Pcw6.1_Distal_LowerLimb,osteogen_vs_adipogen
12,10,0.5420877933502197,-3.428988754749298e-05,0.13916207470561576,3.895616563525482,0.0024998750062496873,0.3896195192881766,ok,MesCond,Pcw5.6_Distal_UpperLimb,chondrogen_vs_naiv
17,17,0.10275499522686005,0.0002695550349075347,0.10982296650366799,0.933187687918898,0.2711864406779661,0.3077738612451779,ok,MesCond,Pcw5.6_Distal_UpperLimb,osteogen_vs_adipogen
12,10,0.4894295036792755,7.561830058693886e-05,0.14293333585750567,3.423651189856364,0.005699715014249288,0.4002889587016028,ok,MesCond,Pcw5.6_Middle_UpperLimb,chondrogen_vs_naiv
17,17,0.19216030836105347,3.5617522848770025e-05,0.11309304697081182,1.6988196532346513,0.09129543522823859,0.3166961490411218,ok,MesCond,Pcw5.6_Middle_UpperLimb,osteogen_vs_adipogen
12,10,0.6028859615325928,1.314375288784504e-05,0.14174802057326727,4.253130416506167,0.0015999200039998,0.3969076013580362,ok,MesCond,Pcw5.6_Proximal_UpperLimb,chondrogen_vs_naiv
17,17,0.2562877833843231,0.00010951987996231765,0.11172820417200204,2.292870143244963,0.03619819009049548,0.312948491561568,ok,MesCond,Pcw5.6_Proximal_UpperLimb,osteogen_vs_adipogen
12,10,0.570636510848999,1.3083739951252938e-05,0.1397923003174086,4.0819374587399,0.001799910004499775,0.3914315246286953,ok,MesCond,Pcw5.6_Distal_LowerLimb,chondrogen_vs_naiv
17,17,0.09024205803871155,0.00019019879619590937,0.11051021256154846,0.814873640681502,0.33268336583170843,0.3096187939685316,ok,MesCond,Pcw5.6_Distal_LowerLimb,osteogen_vs_adipogen
12,10,0.3883247971534729,8.727990407496691e-05,0.1458020840482658,2.6627706989488376,0.01879906004699765,0.4083331152392192,ok,MesCond,Pcw5.6_Middle_LowerLimb,chondrogen_vs_naiv
17,17,0.15223658084869385,0.000359678198909387,0.11570987933894246,1.312566424902233,0.16369181540922953,0.3243473403479482,ok,MesCond,Pcw5.6_Middle_LowerLimb,osteogen_vs_adipogen
12,10,0.5647186040878296,0.0004927988132461906,0.14232939981364298,3.9642252831343674,0.0020998950052497373,0.39901511829144654,ok,MesCond,Pcw5.6_Proximal_LowerLimb,chondrogen_vs_naiv
17,17,0.18244048953056335,0.00030124075498897583,0.11218296672957168,1.6235909433081706,0.10259487025648717,0.31441354759778967,ok,MesCond,Pcw5.6_Proximal_LowerLimb,osteogen_vs_adipogen
12,10,0.8299809694290161,-0.0006230013556778431,0.14125124247838414,5.880330368858896,9.99950002499875e-05,0.39488047758379774,ok,ChondroProg,Pcw5.1_WholeLimb_LowerLimb,chondrogen_vs_naiv
17,17,0.11995887011289597,-1.334532219916582e-05,0.11134909885849435,1.0774421765869815,0.22418879056047197,0.311764131481585,ok,ChondroProg,Pcw5.1_WholeLimb_LowerLimb,osteogen_vs_adipogen
12,10,1.3042689561843872,-0.0001336036360822618,0.1428460802855435,9.1315250457907,9.99950002499875e-05,0.39983542116343945,ok,ChondroProg,Pcw7.2_s1_Thigh_LowerLimb,chondrogen_vs_naiv
17,17,0.29152360558509827,0.0005105088501702994,0.11265490076036451,2.5832262491088662,0.02439878006099695,0.3159442309791909,ok,ChondroProg,Pcw7.2_s1_Thigh_LowerLimb,osteogen_vs_adipogen
12,10,1.3290653228759766,2.8637975035235287e-05,0.1468907306549274,9.047791368286447,9.99950002499875e-05,0.41132268380883186,ok,ChondroProg,Pcw7.2_s2_Thigh_LowerLimb,chondrogen_vs_naiv
17,17,0.29258993268013,0.0001504630149807781,0.11508017995760624,2.5411801560692675,0.026298685065746712,0.3223749668962782,ok,ChondroProg,Pcw7.2_s2_Thigh_LowerLimb,osteogen_vs_adipogen
12,10,1.5889687538146973,0.00011929276448208839,0.14361302596130837,11.063407726526675,9.99950002499875e-05,0.4022357654561455,ok,ChondroProg,Pcw6.5_Thigh_LowerLimb,chondrogen_vs_naiv
17,17,0.18114548921585083,0.00011034860466606915,0.11285400080625412,1.6041535020276587,0.11569421528923554,0.31610155086217756,ok,ChondroProg,Pcw6.5_Thigh_LowerLimb,osteogen_vs_adipogen
12,10,1.0979458093643188,0.00022570809938479215,0.14131629143130603,7.767824149266872,9.99950002499875e-05,0.3959113241070416,ok,ChondroProg,Pcw5.4_s1_Thigh_LowerLimb,chondrogen_vs_naiv
17,17,0.21839401125907898,2.8438520478084684e-05,0.11131031329158422,1.9617730494260563,0.06499675016249187,0.3116973157369139,ok,ChondroProg,Pcw5.4_s1_Thigh_LowerLimb,osteogen_vs_adipogen
12,10,1.065189003944397,1.5219747112132608e-05,0.1404668990898088,7.583094601641744,9.99950002499875e-05,0.39332253719857674,ok,ChondroProg,Pcw5.4_s2_Thigh_LowerLimb,chondrogen_vs_naiv
17,17,0.22043517231941223,-3.396458923816681e-08,0.11069151102059574,1.9914373220814225,0.0623968801559922,0.3099361968930788,ok,ChondroProg,Pcw5.4_s2_Thigh_LowerLimb,osteogen_vs_adipogen
12,10,1.320585012435913,0.00011022189412033185,0.14726379847630836,8.966730480975809,9.99950002499875e-05,0.4124488576277837,ok,ChondroProg,Pcw6.1_Proximal_UpperLimb,chondrogen_vs_naiv
17,17,0.191369891166687,0.0001335762290749699,0.11569907100021959,1.6528768406208645,0.10509474526273686,0.32409097502968975,ok,ChondroProg,Pcw6.1_Proximal_UpperLimb,osteogen_vs_adipogen
12,10,1.5682387351989746,6.920603243634105e-05,0.14899268887217976,10.525144160005494,9.99950002499875e-05,0.4172487348745396,ok,ChondroProg,Pcw6.1_s1_Middle_UpperLimb,chondrogen_vs_naiv
17,17,0.19082623720169067,9.995216513052582e-05,0.11723839607716374,1.6268244143414268,0.10839458027098645,0.328367461181189,ok,ChondroProg,Pcw6.1_s1_Middle_UpperLimb,osteogen_vs_adipogen
12,10,1.0714261531829834,0.00010116834915243089,0.14221042734043562,7.53337856350857,9.99950002499875e-05,0.39829036490237213,ok,ChondroProg,Pcw6.1_Distal_UpperLimb,chondrogen_vs_naiv
17,17,0.19904735684394836,-1.2976738112047315e-05,0.11167315073583875,1.7825263482798546,0.08119594020298986,0.3126718453222364,ok,ChondroProg,Pcw6.1_Distal_UpperLimb,osteogen_vs_adipogen
12,10,1.3431503772735596,0.00015969789472874255,0.14737363717480392,9.112828489032083,9.99950002499875e-05,0.4128058819841797,ok,ChondroProg,Pcw6.1_Proximal_LowerLimb,chondrogen_vs_naiv
17,17,0.22312666475772858,0.00012270289519801736,0.11571453492502402,1.9271905816069135,0.06869656517174141,0.32412340068526524,ok,ChondroProg,Pcw6.1_Proximal_LowerLimb,osteogen_vs_adipogen
12,10,1.5374963283538818,0.0001641773222014308,0.14909477263413462,10.311106981625421,9.99950002499875e-05,0.41762954069777836,ok,ChondroProg,Pcw6.1_s2_Middle_UpperLimb,chondrogen_vs_naiv
17,17,0.19964534044265747,0.00011273649539798498,0.11723485479666555,1.7019904557678924,0.0983950802459877,0.3283703299260615,ok,ChondroProg,Pcw6.1_s2_Middle_UpperLimb,osteogen_vs_adipogen
12,10,1.0660457611083984,0.0001314578070770949,0.13994362242247896,7.616740833558022,9.99950002499875e-05,0.3919736005900181,ok,ChondroProg,Pcw6.1_Distal_LowerLimb,chondrogen_vs_naiv
17,17,0.1379251629114151,-0.00019529880369082092,0.10998190598796738,1.2558471366209734,0.17129143542822858,0.3077540379626178,ok,ChondroProg,Pcw6.1_Distal_LowerLimb,osteogen_vs_adipogen
12,10,1.246675968170166,5.229936083778739e-05,0.14409731598679734,8.651262240884124,9.99950002499875e-05,0.40352478412387033,ok,ChondroProg,Pcw5.6_Distal_UpperLimb,chondrogen_vs_naiv
17,17,0.1809256672859192,0.00022994722761213778,0.11338951373492524,1.5935840458821082,0.10689465526723664,0.31772058568540285,ok,ChondroProg,Pcw5.6_Distal_UpperLimb,osteogen_vs_adipogen
12,10,1.429714322090149,0.0001198185162153095,0.14755472167724354,9.688571719859855,9.99950002499875e-05,0.4132730392124972,ok,ChondroProg,Pcw5.6_Middle_UpperLimb,chondrogen_vs_naiv
17,17,0.17623844742774963,0.00034102651113644244,0.1157985773623051,1.5189946623115558,0.12409379531023448,0.3245770431255907,ok,ChondroProg,Pcw5.6_Middle_UpperLimb,osteogen_vs_adipogen
12,10,1.4899693727493286,8.738650637678801e-05,0.14788345935868266,10.074703369153209,9.99950002499875e-05,0.41416107271068825,ok,ChondroProg,Pcw5.6_Proximal_UpperLimb,chondrogen_vs_naiv
17,17,0.15433277189731598,0.0002982583425939083,0.11625721352879703,1.3249458582332834,0.16169191540422978,0.3258184562232256,ok,ChondroProg,Pcw5.6_Proximal_UpperLimb,osteogen_vs_adipogen
12,10,1.1488983631134033,0.00013553026556037366,0.14507301373391557,7.918514982771617,9.99950002499875e-05,0.4063399687205239,ok,ChondroProg,Pcw5.6_Distal_LowerLimb,chondrogen_vs_naiv
17,17,0.13891838490962982,0.00013276388058438898,0.11441195629353763,1.213034245065911,0.18689065546722664,0.3204862415024897,ok,ChondroProg,Pcw5.6_Distal_LowerLimb,osteogen_vs_adipogen
12,10,1.2181648015975952,-0.00014252721907105298,0.1457652552624019,8.358009092245673,9.99950002499875e-05,0.4080001875156542,ok,ChondroProg,Pcw5.6_Middle_LowerLimb,chondrogen_vs_naiv
17,17,0.19007708132266998,0.00036904149958863854,0.11471184607045888,1.6537789803030276,0.09879506024698766,0.3215622104968735,ok,ChondroProg,Pcw5.6_Middle_LowerLimb,osteogen_vs_adipogen
12,10,1.3251831531524658,-0.00010923347040079534,0.14804252129020168,8.952106294008262,9.99950002499875e-05,0.4144098261421639,ok,ChondroProg,Pcw5.6_Proximal_LowerLimb,chondrogen_vs_naiv
17,17,0.16004624962806702,0.00023332052323967218,0.11667611405770144,1.3697141903936985,0.15309234538273087,0.3269264398848037,ok,ChondroProg,Pcw5.6_Proximal_LowerLimb,osteogen_vs_adipogen
12,10,1.7411733865737915,0.0003357279458083212,0.14446673927030781,12.050093103927187,9.99950002499875e-05,0.4048425979026702,ok,RestingChon,Pcw7.2_s1_Thigh_LowerLimb,chondrogen_vs_naiv
17,17,0.199422687292099,0.00023446034397929907,0.11366676869754777,1.7523875203854278,0.09679516024198791,0.318501412697113,ok,RestingChon,Pcw7.2_s1_Thigh_LowerLimb,osteogen_vs_adipogen
12,10,1.7170283794403076,0.00023854720457457007,0.14405826727072546,11.917329458151878,9.99950002499875e-05,0.40360169556260583,ok,RestingChon,Pcw7.2_s2_Thigh_LowerLimb,chondrogen_vs_naiv
17,17,0.19893014430999756,0.0002725532916141674,0.11335432964020839,1.7525364196403552,0.09699515024248788,0.31766467628419764,ok,RestingChon,Pcw7.2_s2_Thigh_LowerLimb,osteogen_vs_adipogen
12,10,1.8729838132858276,0.00034162438861094416,0.14966869177258377,12.511916598714109,9.99950002499875e-05,0.4194139613518455,ok,RestingChon,Pcw6.5_Thigh_LowerLimb,chondrogen_vs_naiv
17,17,0.25279539823532104,0.00036785441995598376,0.1180819587335481,2.137731678257199,0.05109744512774361,0.3309973388738906,ok,RestingChon,Pcw6.5_Thigh_LowerLimb,osteogen_vs_adipogen
12,10,1.5961310863494873,-0.00012621615852694958,0.14003071012862123,11.39933733851537,9.99950002499875e-05,0.3919597722016125,ok,RestingChon,Pcw9.3_s1_Thigh_LowerLimb,chondrogen_vs_naiv
17,17,0.4206884801387787,0.0003162227811757475,0.11004210211897272,3.8201038444641378,0.0028998550072496373,0.3084341087142994,ok,RestingChon,Pcw9.3_s1_Thigh_LowerLimb,osteogen_vs_adipogen
12,10,1.66360604763031,-2.981195319443941e-05,0.1396023044999002,11.91696559410804,9.99950002499875e-05,0.39085664064652603,ok,RestingChon,Pcw9.3_s2_Thigh_LowerLimb,chondrogen_vs_naiv
17,17,0.35363203287124634,0.00022664876841008662,0.10926422748360755,3.234410678058893,0.008099595020248988,0.3061664857225112,ok,RestingChon,Pcw9.3_s2_Thigh_LowerLimb,osteogen_vs_adipogen
12,10,2.299233913421631,0.00011971583901904523,0.1526024821805216,15.066034082347803,9.99950002499875e-05,0.4274066659444795,ok,RestingChon,Pcw9.0_s1_Thigh_LowerLimb,chondrogen_vs_naiv
17,17,0.23255565762519836,0.00021218608031049372,0.12021850325698435,1.9326764620269832,0.0703964801759912,0.33682399519986667,ok,RestingChon,Pcw9.0_s1_Thigh_LowerLimb,osteogen_vs_adipogen
12,10,2.2900781631469727,9.449573510792106e-05,0.15231648558206662,15.034378312110176,9.99950002499875e-05,0.4265806553648945,ok,RestingChon,Pcw9.0_s2_Thigh_LowerLimb,chondrogen_vs_naiv
17,17,0.23252154886722565,0.0002192992935422808,0.1199459921536839,1.9367237320946924,0.06999650017499125,0.3360680773238572,ok,RestingChon,Pcw9.0_s2_Thigh_LowerLimb,osteogen_vs_adipogen
12,10,1.6596062183380127,0.00013940795233938842,0.15192538590811977,10.922906665442156,9.99950002499875e-05,0.42553048849507474,ok,RestingChon,Pcw6.1_Proximal_UpperLimb,chondrogen_vs_naiv
17,17,0.1609843373298645,0.0003738129179924726,0.11935949761047251,1.3456032207509911,0.1615919204039798,0.3345804062273155,ok,RestingChon,Pcw6.1_Proximal_UpperLimb,osteogen_vs_adipogen
12,10,1.8999948501586914,8.57885179342702e-05,0.15598586397422542,12.180007939403353,9.99950002499875e-05,0.4368462076457654,ok,RestingChon,Pcw6.1_s1_Middle_UpperLimb,chondrogen_vs_naiv
17,17,0.14500969648361206,0.00038464753311127426,0.12273280773514621,1.1783731800758392,0.2016899155042248,0.3440365091915207,ok,RestingChon,Pcw6.1_s1_Middle_UpperLimb,osteogen_vs_adipogen
12,10,1.6293702125549316,0.00040551545354537667,0.15956175434089473,10.208992147461569,9.99950002499875e-05,0.4471784276080506,ok,RestingChon,Pcw6.1_Proximal_LowerLimb,chondrogen_vs_naiv
17,17,0.2564302980899811,0.0004204924050718546,0.12487915468230949,2.050060367050001,0.05329733513324334,0.3500821255155384,ok,RestingChon,Pcw6.1_Proximal_LowerLimb,osteogen_vs_adipogen
12,10,1.922550916671753,1.4541795733384788e-05,0.15520412119535548,12.387147712760298,9.99950002499875e-05,0.43458608114272873,ok,RestingChon,Pcw6.1_s2_Middle_UpperLimb,chondrogen_vs_naiv
17,17,0.14120417833328247,0.000417963428189978,0.12209543092404694,1.153083402381148,0.20938953052347384,0.34228517001552144,ok,RestingChon,Pcw6.1_s2_Middle_UpperLimb,osteogen_vs_adipogen
12,10,1.7408649921417236,-0.00010435594187583774,0.1648837838183471,10.558766349040305,9.99950002499875e-05,0.461570238749496,ok,RestingChon,Pcw5.6_Proximal_UpperLimb,chondrogen_vs_naiv
17,17,0.21696919202804565,0.0002882668615784496,0.12973578682429318,1.6701708177091306,0.09749512524373781,0.36354846996959933,ok,RestingChon,Pcw5.6_Proximal_UpperLimb,osteogen_vs_adipogen
12,10,1.8234074115753174,0.00022794880137080327,0.1427202058469342,12.774501353573479,9.99950002499875e-05,0.3998445251727865,ok,ProlifChon,Pcw7.2_s1_Thigh_LowerLimb,chondrogen_vs_naiv
17,17,0.11611997336149216,0.0001341497471323237,0.11237604456011452,1.032122318136178,0.22368881555922204,0.31478707451545296,ok,ProlifChon,Pcw7.2_s1_Thigh_LowerLimb,osteogen_vs_adipogen
12,10,1.7655421495437622,0.000254454211727716,0.14212531777597068,12.420642028851063,9.99950002499875e-05,0.39820534398444557,ok,ProlifChon,Pcw7.2_s2_Thigh_LowerLimb,chondrogen_vs_naiv
17,17,0.10336869955062866,0.00011856312155723572,0.11184374638797569,0.9231641442956156,0.25548722563871806,0.3132810530078891,ok,ProlifChon,Pcw7.2_s2_Thigh_LowerLimb,osteogen_vs_adipogen
12,10,1.6860122680664062,0.00011760266290511936,0.14164273248453582,11.902443816434864,9.99950002499875e-05,0.3967172536196054,ok,ProlifChon,Pcw6.5_Thigh_LowerLimb,chondrogen_vs_naiv
17,17,0.156927227973938,0.00013749334407038986,0.11141593116638138,1.407246997700247,0.1479926003699815,0.3121021006099382,ok,ProlifChon,Pcw6.5_Thigh_LowerLimb,osteogen_vs_adipogen
12,10,1.7029950618743896,0.0005671595161547884,0.1558324334050867,10.924734120866678,9.99950002499875e-05,0.4368979730503975,ok,ProlifChon,Pcw5.4_s1_Thigh_LowerLimb,chondrogen_vs_naiv
17,17,0.18701978027820587,-2.7366069378331304e-06,0.12209573220112971,1.5317694854154227,0.12389380530973451,0.34186531355622535,ok,ProlifChon,Pcw5.4_s1_Thigh_LowerLimb,osteogen_vs_adipogen
12,10,2.1485800743103027,-0.00026037985840812326,0.1437541735884432,14.948021337597272,9.99950002499875e-05,0.4022513061892328,ok,ProlifChon,Pcw9.3_s1_Thigh_LowerLimb,chondrogen_vs_naiv
17,17,0.445734441280365,-7.82830536365509e-05,0.11224386754960342,3.971822550902263,0.00199990000499975,0.314204546085253,ok,ProlifChon,Pcw9.3_s1_Thigh_LowerLimb,osteogen_vs_adipogen
12,10,2.0076990127563477,0.00030760920245666057,0.13990315381019347,14.348435677706863,9.99950002499875e-05,0.39203643987099834,ok,ProlifChon,Pcw9.3_s2_Thigh_LowerLimb,chondrogen_vs_naiv
17,17,0.2596926689147949,0.00023490352865774183,0.11001784384423764,2.358324398299201,0.03969801509924504,0.3082848662925231,ok,ProlifChon,Pcw9.3_s2_Thigh_LowerLimb,osteogen_vs_adipogen
12,10,2.136254072189331,0.0003002254951512441,0.13037865841375576,16.38269539417828,9.99950002499875e-05,0.36536046905366737,ok,ProlifChon,Pcw9.0_s1_Thigh_LowerLimb,chondrogen_vs_naiv
17,17,0.2245989888906479,4.4194032717496156e-05,0.1026328193177725,2.1879433533114017,0.05559722013899305,0.2874160881224805,ok,ProlifChon,Pcw9.0_s1_Thigh_LowerLimb,osteogen_vs_adipogen
12,10,2.128077507019043,0.00017277593400795012,0.1319499996454058,16.126598990552736,9.99950002499875e-05,0.36963277494114416,ok,ProlifChon,Pcw9.0_s2_Thigh_LowerLimb,chondrogen_vs_naiv
17,17,0.24412870407104492,-4.0321517083793876e-05,0.1038995744053837,2.3500483710881954,0.04429778511074446,0.29087848681799056,ok,ProlifChon,Pcw9.0_s2_Thigh_LowerLimb,osteogen_vs_adipogen
12,10,1.7109473943710327,0.00038199884600471706,0.1523433146860821,11.228358783250915,9.99950002499875e-05,0.4269432799670345,ok,ProlifChon,Pcw6.1_Proximal_UpperLimb,chondrogen_vs_naiv
17,17,0.12808501720428467,0.00022581375092267991,0.11999748907324383,1.0655156573761269,0.23018849057547122,0.3362187831560054,ok,ProlifChon,Pcw6.1_Proximal_UpperLimb,osteogen_vs_adipogen
12,10,1.7779935598373413,0.00035902608225587754,0.15454827308733154,11.502131329222854,9.99950002499875e-05,0.4330941907267842,ok,ProlifChon,Pcw6.1_s1_Middle_UpperLimb,chondrogen_vs_naiv
17,17,0.14130595326423645,0.00030637936820276083,0.12160540837288049,1.1594843994412203,0.2055897205139743,0.3408015228122681,ok,ProlifChon,Pcw6.1_s1_Middle_UpperLimb,osteogen_vs_adipogen
12,10,1.6485110521316528,-1.4351558638736605e-05,0.153141536279086,10.764717683685827,9.99950002499875e-05,0.42878195002280206,ok,ProlifChon,Pcw6.1_Distal_UpperLimb,chondrogen_vs_naiv
17,17,0.13333265483379364,4.04197808355093e-05,0.12053650750937356,1.1058245987639272,0.21498925053747311,0.33754264080708146,ok,ProlifChon,Pcw6.1_Distal_UpperLimb,osteogen_vs_adipogen
12,10,1.806411862373352,0.0003946644948213361,0.15245428770447975,11.846286680892494,9.99950002499875e-05,0.42726667006736463,ok,ProlifChon,Pcw6.1_Proximal_LowerLimb,chondrogen_vs_naiv
17,17,0.17309346795082092,0.0003534761877031997,0.11992281923115432,1.4404263748182649,0.1375931203439828,0.33613737003493527,ok,ProlifChon,Pcw6.1_Proximal_LowerLimb,osteogen_vs_adipogen
12,10,1.7381646633148193,0.0002968123430851847,0.1568509476435641,11.079740843650825,9.99950002499875e-05,0.4394794657450647,ok,ProlifChon,Pcw6.1_s2_Middle_UpperLimb,chondrogen_vs_naiv
17,17,0.14752478897571564,0.0002942680899053812,0.12356668365740385,1.1915066143072661,0.19689015549222538,0.34628098233063614,ok,ProlifChon,Pcw6.1_s2_Middle_UpperLimb,osteogen_vs_adipogen
12,10,1.638245940208435,0.0002309116743505001,0.1550927638804598,10.561518071833516,9.99950002499875e-05,0.434490650539638,ok,ProlifChon,Pcw6.1_Distal_LowerLimb,chondrogen_vs_naiv
17,17,0.09249265491962433,0.0003216905888170004,0.12164515610147168,0.7577035311946321,0.3577821108944553,0.3409281276729377,ok,ProlifChon,Pcw6.1_Distal_LowerLimb,osteogen_vs_adipogen
12,10,1.7014293670654297,0.0003534885294502601,0.15689669070491927,10.84201247899644,9.99950002499875e-05,0.4396642225032242,ok,ProlifChon,Pcw5.6_Middle_UpperLimb,chondrogen_vs_naiv
17,17,0.16111022233963013,0.000331265333108604,0.12361179872679366,1.3006764618147382,0.17089145542722864,0.34644430176813085,ok,ProlifChon,Pcw5.6_Middle_UpperLimb,osteogen_vs_adipogen
12,10,2.0048344135284424,8.376808064058423e-05,0.15997392611689618,12.53173372755064,9.99950002499875e-05,0.44801076120794986,ok,ProlifChon,Pcw5.6_Proximal_UpperLimb,chondrogen_vs_naiv
17,17,0.15336191654205322,0.0005910011096857488,0.12565789927588145,1.2157684977444951,0.19459027048647567,0.35243311908215375,ok,ProlifChon,Pcw5.6_Proximal_UpperLimb,osteogen_vs_adipogen
12,10,1.8358113765716553,-7.247323170304298e-07,0.1602596456152214,11.455236246507758,9.99950002499875e-05,0.44872628299030287,ok,ProlifChon,Pcw5.6_Distal_LowerLimb,chondrogen_vs_naiv
17,17,0.26426759362220764,0.0003710311703849584,0.12614459454031768,2.092016415078947,0.049897505124743766,0.3535758958832744,ok,ProlifChon,Pcw5.6_Distal_LowerLimb,osteogen_vs_adipogen
12,10,1.852125883102417,0.00030602715201675894,0.15942128675331332,11.615888277303176,9.99950002499875e-05,0.446685630061294,ok,ProlifChon,Pcw5.6_Middle_LowerLimb,chondrogen_vs_naiv
17,17,0.2528757154941559,0.00038158269058912993,0.12499145160374048,2.020091210749733,0.0575971201439928,0.35035764718106244,ok,ProlifChon,Pcw5.6_Middle_LowerLimb,osteogen_vs_adipogen
12,10,2.3904192447662354,0.00015332304660696535,0.16436395660267522,14.542518756090374,9.99950002499875e-05,0.4603724015340976,ok,PrehyperChon,Pcw8.4_s1_Thigh_LowerLimb,chondrogen_vs_naiv
17,17,0.26954254508018494,0.0006036517686676234,0.12945027722099153,2.0775459047677223,0.05409729513524324,0.36306442798744387,ok,PrehyperChon,Pcw8.4_s1_Thigh_LowerLimb,osteogen_vs_adipogen
12,10,2.3263704776763916,0.0001088065841468051,0.1627958430754751,14.289441469422211,9.99950002499875e-05,0.45593716719547706,ok,PrehyperChon,Pcw8.4_s2_Thigh_LowerLimb,chondrogen_vs_naiv
17,17,0.2559017539024353,0.00031941391066648065,0.12836580007809698,1.991046990991947,0.06569671516424179,0.359743654129338,ok,PrehyperChon,Pcw8.4_s2_Thigh_LowerLimb,osteogen_vs_adipogen
12,10,2.000305652618408,0.0004444578752387315,0.15342994907331714,13.034360024375212,9.99950002499875e-05,0.43004831528052667,ok,PrehyperChon,Pcw7.2_s1_Thigh_LowerLimb,chondrogen_vs_naiv
17,17,0.19793641567230225,0.0003493614637525752,0.12028767838911517,1.6426208972907512,0.11299435028248588,0.337154860953275,ok,PrehyperChon,Pcw7.2_s1_Thigh_LowerLimb,osteogen_vs_adipogen
12,10,1.921096682548523,7.871973291039466e-05,0.15166014815556594,12.666596902207438,9.99950002499875e-05,0.42472713456849503,ok,PrehyperChon,Pcw7.2_s2_Thigh_LowerLimb,chondrogen_vs_naiv
17,17,0.2210749387741089,0.00023899689584504813,0.11929760655265184,1.8511347231496902,0.08439578021098945,0.3342722952432702,ok,PrehyperChon,Pcw7.2_s2_Thigh_LowerLimb,osteogen_vs_adipogen
12,10,2.7774949073791504,-1.2219176394864918e-05,0.17130866116118432,16.213465844217815,9.99950002499875e-05,0.4796520320749212,ok,PrehyperChon,Pcw9.0_s1_Thigh_LowerLimb,chondrogen_vs_naiv
17,17,0.2136261910200119,0.0006030400016345084,0.13504781522850912,1.5773905757596247,0.11659417029148543,0.37873692264146,ok,PrehyperChon,Pcw9.0_s1_Thigh_LowerLimb,osteogen_vs_adipogen
12,10,2.5863449573516846,7.110016990918666e-05,0.1643461381189059,15.736748589191572,9.99950002499875e-05,0.46024028690284563,ok,PrehyperChon,Pcw9.0_s2_Thigh_LowerLimb,chondrogen_vs_naiv
17,17,0.33517903089523315,0.00031086454223841427,0.1298325908077291,2.579230409480973,0.022298885055747213,0.36384211880387984,ok,PrehyperChon,Pcw9.0_s2_Thigh_LowerLimb,osteogen_vs_adipogen
12,10,1.8649412393569946,1.995745012536645e-05,0.16262071997659655,11.467919230558431,9.99950002499875e-05,0.45535797338459566,ok,PrehyperChon,Pcw6.1_s1_Middle_UpperLimb,chondrogen_vs_naiv
17,17,0.2095717191696167,0.00024039570456370712,0.12771277687585125,1.6390789440632285,0.10669466526673667,0.3578361709569472,ok,PrehyperChon,Pcw6.1_s1_Middle_UpperLimb,osteogen_vs_adipogen
12,10,1.9955952167510986,0.0004312165464274585,0.16456313160230054,12.124003601404358,9.99950002499875e-05,0.461207985032869,ok,PrehyperChon,Pcw6.1_s2_Middle_UpperLimb,chondrogen_vs_naiv
17,17,0.1853862702846527,4.2008770676329735e-05,0.12965034292967995,1.4295701602154947,0.14439278036098194,0.36306296897378015,ok,PrehyperChon,Pcw6.1_s2_Middle_UpperLimb,osteogen_vs_adipogen
12,10,1.671872615814209,0.000861498276272323,0.15549928157255327,10.746101851012552,9.99950002499875e-05,0.43625948667942144,ok,HyperChon,Pcw9.0_s2_Thigh_LowerLimb,chondrogen_vs_naiv
17,17,0.5633628964424133,0.0003099934123689309,0.1221161227441376,4.610799052388639,0.000599970001499925,0.3422351370959542,ok,HyperChon,Pcw9.0_s2_Thigh_LowerLimb,osteogen_vs_adipogen
