datei,was_gemessen,kennzahl,wert,nullmodell_vorhanden,positivkontrolle_bestanden,nachweisgrenze_vorhanden,richtung,kommt_in_STORY_vor,einschaetzung
Ergebnisse/R_intern/R_interne_genkarte.csv,genweise z-Karte (dWT/iv/basis) ueber 18 Datensaetze,Gene mit >=15 Datensaetzen,11581,nein (Referenztabelle),n/a,nein,nicht_messbar,ja,"Rohtabelle, kein eigener Test. Grundlage aller anderen Ebenen."
Ergebnisse/R_intern/R_interne_genkarte_log.txt,Kontrolle: findet Genkarte das 173er-Modul wieder,dWT_kons im Modul vs sonst,Median +0.875 vs 0.250,nein,ja (Konsistenzcheck),nein,positiv,nebensatz,"Eigene interne Konsistenzpruefung, sauber, aber nur als Methodenkontrolle erwaehnt."
Ergebnisse/R_intern/ensembl_symbol_gencode46.csv,Gencode-v46-Zuordnung,Zeilen,63087,n/a,n/a,n/a,nicht_messbar,nein,Reine Referenztabelle.
Ergebnisse/A_dnam/A_dnam450_GSE129266_eichung.csv,DNAm450 Eichung chondrogen minus naiv,z,-3.91 (p 1.0 einseitig falsch gerichtet gemeldet -- siehe Log: BESTANDEN weil erwartetes Vorzeichen negativ),ja,ja,ja (MDE80 0.0205),positiv,ja,"Eichung bestanden, Basis fuer Modultest."
Ergebnisse/A_dnam/A_dnam450_GSE129266_modultest.csv,Modultest 173-Gen-Set auf 450K,konkordanz_z / p,+1.85 / 0.1105 (stetig z+1.82 p 0.0678),ja,ja,ja (MDE80 0.312),negativ (unter Schwelle),ja (als z+1.84 p0.066),"In STORY korrekt als Negativbefund mit Nachweisgrenze gefuehrt (Zeile 'Promotormethylom')."
Ergebnisse/A_dnam/A_dnam_GSE33896_modultest.csv,Modultest 173-Gen-Set osteogen (GSE33896),konkordanz_z osteo / myo,-0.46 / -1.76,ja,ja (osteo/myo Eichung getrennt siehe Log),ja (MDE80 0.478/0.720),negativ,ja (als Teil von Abb S6),"Beide Achsen unter Schwelle, korrekt als Negativbefund gefuehrt."
Ergebnisse/A_dnam/A_dnam_GSE33896_log.txt,"Osteogen vs. myogen, gepaarter Wilcoxon ueber 126 Modulgene, DIESELBEN Spender",Wilcoxon W / p,W 2774 / p 0.002824,nein (Wilcoxon-p selbst, kein permutiertes Nullmodell wie sonst im Projekt ueblich),ja (Eichung beider Achsen bestanden s.o.),nein (kein MDE80 fuer diesen spezifischen Test berechnet),positiv,nein,"UNGENUTZTER POSITIVBEFUND (Liste B): p=0.0028 fuer 'Modul bewegt sich in der eigenen Achse staerker als in der Neben-Achse, gleiche Spender, gleiche Gene' -- steht nur im Log, in keiner CSV, nicht in STORY."
Ergebnisse/A_dnam/A_dnam_sensitivitaet_log.txt,Sensitivitaetsanalysen (CpG-Insel/Dynamik-Teilmengen),z-Bereich beide Achsen,-2.61 bis +1.36,ja,ja (Basis-Eichung),ja,gemischt/negativ,nein (nur als 'Abb S5' pauschal erwaehnt),"Kein Einzelwert ueber Schwelle; korrekt als Negativbefund verwertbar."
Ergebnisse/A_dnam/A_dnam_positivkontrolle.csv,Rohwerte klassischer Marker (RUNX2 etc.),delta beta einzelne Gene,siehe Datei,nein,ja (dient selbst als PK-Grundlage),nein,gemischt,nein,Rohdaten fuer die Positivkontrolle, keine eigene Kennzahl.
Ergebnisse/B_atac/B2_GSE224251_hart_log.txt,ATAC hMSC osteogen, 8 Aufbereitungen,stetiger z (Modul),+3.13 bis +3.72 (alle 8 gleiches Vorzeichen),ja,nein (Eichung 1+2 'osteo minus naiv' beide durchgefallen!),ja,positiv (Modul) trotz durchgefallener Eichung,ja (als z+3.08 in STORY-Tabelle S6),"Modul robust ueber 8 Aufbereitungen (z 3.1-3.7), ABER die direkte Eichung (Linienmarker gegen naiv) besteht in KEINER der 8 Varianten -- STORY zaehlt diese Ebene daher zu Recht zu den 5 von 7 durchgefallenen Eichungen. Trotzdem ist der Modulbefund selbst durchgaengig positiv und robust; das wird in Abb 5 nur als 'nicht geeicht' verbucht, nicht als eigenstaendiger Befund gewichtet."
Ergebnisse/B_atac/B3_GSE129031_log.txt,H3K27ac chondrogen (2 Donorlinien) 3 Fenster,Modultest z (Hintergrund/basisgeschichtet),+3.10 bis +4.88 ueber MDE80 in allen 3 Fenstern,ja,ja (Eichung 'chondrogen minus naiv' bestanden in allen 3 Fenstern, z +5.82 bis +8.34),ja,positiv,ja (als z+4.88, Hauptzahl der Chromatin-Zeile in Abb 5),"Sauber belegter Positivbefund, korrekt zentral in STORY."
Ergebnisse/B_atac/B_atac_final_log.txt,ATAC GSE332758 osteogen/adipogen 4 Fenster (P/T10/T50/GB),"Eichung D adipogen: z +3.73 bis +5.01, alle 4 Fenster BESTANDEN; Modultest adipogen H1: z +2.97 bis +4.76, 3 von 4 Fenstern SCHWELLE ERREICHT",ja,ja (adipogene Eichung besteht in allen 4 Fenstern -- deutlich staerker als GSE224251!),ja,positiv,NEIN,"UNGENUTZTER POSITIVBEFUND (Liste B): eine komplette zweite ATAC-Kohorte (GSE332758, adipogene Achse) besteht ihre eigene Positivkontrolle in allen 4 Fenstern (z bis +5.01) UND zeigt in 3 von 4 Fenstern einen ueber der Nachweisgrenze liegenden Modulbefund (z bis +4.76). Kommt in STORY nirgends als eigener Befund vor -- nur in f7_ebenen.csv als Datenzeile."
Ergebnisse/Z_integration/Z_modul_gegen_marker_log.txt,Modul (173 Gene) vs. kanonischer Markersatz derselben Achse,z(Modul) je Ebene,"ATAC GSE332758 osteogen z+5.89 p<0.0001; ATAC GSE332758 adipogen z+4.89 p<0.0001; H3K27ac z+4.88",ja,ja (eichung_ok=True fuer GSE332758 adipogen, siehe f7_ebenen.csv),ja,positiv,teils (nur H3K27ac +4.88 genannt),"UNGENUTZTER POSITIVBEFUND (Liste B): z+5.89 (GSE332758 osteogen) ist der staerkste Einzel-z-Wert im gesamten Datensatz und wird in STORY nirgends genannt; die Eichung fuer diese spezifische Achse ist zwar in f7_ebenen 'False' vermerkt (Spalte eichung_ok bezieht sich auf marker_z<Schwelle), aber die B_atac_final_log-Eichung D fuer osteogen selbst faellt durch (z -0.54 bis +1.66, s.o.) -- WIDERSPRUCH zwischen zwei Eichungsdefinitionen fuer dieselbe Zelle/Achse, siehe Konsistenzteil des Berichts."
Ergebnisse/Z_integration/Z_integration_statistik.csv,dWT-gegen-iv-Kernvergleich ueber 7 orthogonale Ebenen,z(dWT)-z(iv) Differenz je Ebene,"ATAC GSE224251 +1.07 (einzige Ebene mit dWT>iv); 6 von 7 Ebenen zeigen iv>dWT (bis -2.41)",ja,teilweise (2 von 7 Eichungen bestanden),nein (kein MDE80 fuer die Differenz selbst),gemischt (mehrheitlich gegen die Kernaussage),nein,"WICHTIGER BEFUND FUER LISTE C/Konsistenz: auf 6 von 7 orthogonalen Ebenen ist iv (Laesions-Surrogat) staerker as dWT, nicht schwaecher -- das Gegenteil der Kernthese 'Programm ja, Laesion nein'. Dies stuetzt die Phase-M-E-Erkenntnis (Schere ist SNR-Artefakt) und widerspricht dem alten Erzaehlfaden, wird aber unter den Einzelergebnissen nicht klar herausgestellt."
Ergebnisse/Z_integration/Z_dosiskurve_gerichtet.csv,Dosis-Wirkungs-Dezile (Konvergenzstaerke vs orthogonale Bewegung),Spearman rho ueber Dezile je Ebene/Dosis,"ATAC GSE224251 dWT rho +0.738 p 0.037 (einzige signifikante Dosis-Kurve); alle anderen p>0.1",teilweise (Permutation je Dezil, keine globale Nullverteilung des Trends selbst),nein (kein Positivkontroll-Bezug fuer den Trend),nein,positiv (nur 1 von 14 Zeilen),ja ('Dosis-Wirkung nur auf dem replizierten Datensatz'),"Korrekt als schwacher Einzelbefund gefuehrt, nicht ueberzogen."
Ergebnisse/M_humangenetik/52_log.txt / anker.csv,Humangenetischer Anker: Programm-OR ueber 7 Panels,OR / z / p,"GWAS OR1.00 z+0.00 p0.92; KLEIN OR0.79; PA309 OR0.85 (alle n.s.)",ja,ja (Teil a+b PK bestanden, s. Log),ja (MDE80-OR je Panel),negativ (Programm),ja (zentrale Tabelle Abb 4),Sauber und vorregistriert, Kernstueck von Abb 4.
Ergebnisse/M_humangenetik/52_log.txt (Läsionsantwort-Zeilen),Humangenetischer Anker: Läsionsantwort-OR ueber 7 Panels,OR / z / p,"GWAS OR1.26 z+1.53 p0.15; NOSO OR1.66 z+1.02 p0.45; PA1471 OR2.36 z+1.24 p0.42; NOSO_BREIT OR0.57; PA309 OR0.36",ja,ja (gleiche PK wie Programm),ja (gleiche MDE80-Spalte),gemischt (4 von 6 Panels >1, aber alle n.s. und unter MDE80),nein,"UNGENUTZT, ABER STRENG ALS 'KEIN BEFUND' ZU BEWERTEN (Liste B mit Vorbehalt): die Laesionsantwort-Zeile der Hauptrechnung wird in STORY komplett weggelassen (nur die Programm-Zeile ist in der Tabelle). Richtung ueberwiegend >1 bei GWAS/NOSO/PA1471, aber keines erreicht MDE80 (1.52-4.09) -- korrekt als nicht belastbar, aber die Nichterwaehnung ist unter Vollstaendigkeitsgesichtspunkten eine Luecke."
Ergebnisse/M_humangenetik/eichung_A.csv,Positivkontrolle (a) Linienmarker in Panels,OR / z / p je Panel,"NOSO OR17.0 z+6.84; NOSO_BREIT OR34.8 z+11.33; PA309 OR51.6 z+13.91",ja,ja (das IST die PK),ja,positiv,ja,Korrekt zentral in Abb 4 verwendet.
Ergebnisse/M_diagnosen/sichtung.csv,Diagnosen-Sichtung nach Entitaet,eindeutige Serien / ohne naiven Arm,1424 Serien / 46 von 50 (92%) ohne naiven Arm,nein (deskriptive Sichtung),n/a,n/a,negativ (Datenluecke),ja,Korrekt und zentral in Abb 1 verwendet.
Ergebnisse/M_diagnosen/punkte.csv,(Datei fast leer -- nur Header),n/a,0 Datenzeilen,n/a,n/a,n/a,nicht_messbar,nein,"Datei enthaelt nur die Kopfzeile, keine Werte -- vermutlich Zwischenstand/Artefakt, kein Befund ableitbar."
Ergebnisse/M_patienten/51_log.txt,Phase M-B Patientenkohorten Programm/Laesion,z je Kohorte,"GSE292600 Programm z+2.38 p0.022 (einzige signifikante Kohorte, positiv fuer Programm); GSE228522 Laesionsantwort Kontrast z+3.07 (nicht eichbare Kohorte)",ja,teilweise (4 von 7 Kohorten eichbar),ja (MDE80 je Kohorte),gemischt,teils (Tor B in README erwaehnt, Zahlen selbst nicht mehr im Haupttext seit Ruecknahme),"UNGENUTZTER TEILBEFUND (Liste B, mit starkem Vorbehalt): GSE292600 zeigt einen bestandene-Eichung-Positivbefund fuer das Programm (z+2.38, p 0.022, ueber MDE80 0.576? -> C0.560 ist minimal ueber 0.576? NEIN, 0.560<0.576 -- knapp UNTER MDE80, daher zu Recht nicht als Befund gefuehrt). GSE228522 Laesions-Kontrast z+3.07 stammt aus einer als 'nicht eichbar' erklaerten Kohorte und darf nach Projektregel nicht berichtet werden -- Regel wird hier korrekt eingehalten (kein Befund im Sinne der Projektregel)."
Ergebnisse/M_patienten/laesionssatz_173.csv,Fixierter 173-Gen-Laesionssatz (Referenzliste),Gene,173,n/a,n/a,n/a,nicht_messbar,ja,Referenzliste, keine eigene Kennzahl.
Ergebnisse/M_donoren/54b_log.txt,Phase M-D Zellenbau -- Eichung je Zelle,bestanden/durchgefallen,7 von 14 bestanden,ja,ja (das ist die PK selbst),n/a (Eichung ist binaer je Zelle),negativ (7 durchgefallen),ja (zentraler Satz 'konfirmatorisch'),Zentral und korrekt in STORY als Kernbefund gefuehrt.
Ergebnisse/M_donoren/54c_log.txt / statistik.csv,Phase M-D Statistikleiter Programm (7 Zellen),S1-S3b z/p,"S1 z+3.00 p0.0028; S2 z+3.72; S3a z+10.61; S3b z+4.19 -- alle 4 ueber MDE80",ja,ja,ja,positiv,ja (Kernzahl Abb 3),Zentral, sauber belegt, korrekt zitiert in STORY/README (Werte stimmen exakt ueberein).
Ergebnisse/M_donoren/zirkularitaet.csv,Zirkularitaetskontrolle (ohne modulbildende Zellen),S1 z,+4.51 (2 Studien, n=8 Spenderpaare),ja,ja,ja,positiv (staerker als Hauptbefund),ja,"Korrekt zitiert (z+4.51 exakt), nachtraeglich ausgewiesen."
Ergebnisse/M_donoren/synthese.csv / synthese_je_studie.csv,Studien-Synthese Phase D (Spender-Flip-Null),S1 z / MDE80,z+1.66 p0.249 MDE80 1.15 (Skalenmaximum 1.0 -- unerreichbar),ja,ja (Basis-Eichung der 7 Zellen),ja (aber unerreichbar),nicht_messbar,ja,"Korrekt als 'nicht messbar' und nicht als Negativbefund gefuehrt -- vorbildliche Anwendung der Projektregel."
Ergebnisse/M_donoren/auslassung.csv,Leave-one-out ueber die 7 geeichten Zellen (S1),z-Bereich,+2.14 bis +3.82 (alle p<0.05),ja,ja,ja,positiv (robust),ja (als 'jede Auslassung p<0.05'),Stuetzt den Hauptbefund zusaetzlich, korrekt erwaehnt.
Ergebnisse/M_donoren/licl_pruefung.csv,LiCl-Kontaminationspruefung,Treffer,0 in allen 6 Studien,nein (Pruefliste, kein Test),n/a,n/a,nicht_messbar,ja (als Regel erwaehnt),Korrekt dokumentierte Ausschlusskontrolle.
Ergebnisse/M_kalibrierung/55_log.txt,Phase M-E Rausch-Nullboden-Test (TEST1) und SNR-Angleichung (TEST2),iv vs Rauschboden / dWT* nach SNR-Angleichung,"TEST1: iv Mittel 6.0 vs pseudo-iv 97.5%-Perzentil 15.0 -> iv AM Rauschboden; TEST2: dWT* (SNR-angeglichen) 11 konvergente Gene vs Null-97.5% 28.0 -> auf der Null",ja (Permutation, seed dokumentiert),ja (dies IST die Positivkontrolle des gesamten Projekts -- Vorregistrierung PRAEREG_M_E),n/a (Entscheidungsregel statt MDE80),negativ fuer die alte Kernthese,ja (Vorbemerkung STORY zitiert exakt: 6.0 vs 4.3, 120->11),"Zentraler, vorregistrierter WIDERLEGUNGSBEFUND der alten Kernthese. Korrekt und vollstaendig in STORY/README als Vorbemerkung uebernommen."
Ergebnisse/M_kalibrierung/56_log.txt,Eingebaute Eichung ueber 18 Perturbationsdatensaetze (Studienebene),bestanden/durchgefallen,3 von 18 bestanden (83% durchgefallen),ja,ja (das ist die PK),n/a,negativ (Methodenbefund),ja ('Haelfte...' -- Zahl 15/18 bzw je nach Zaehlweise 50%/83%),"ACHTUNG KONSISTENZ: STORY/README sprechen von 'die Haelfte der Differenzierungsexperimente' (50%), die Studienebene in 56_log.txt zeigt jedoch 3 von 18 bestanden = 83% durchgefallen, nicht 50%. Der 50%-Wert bezieht sich auf die SPENDER-/Zellebene (7 von 14, aus 54b_log.txt), die Studienebene ist deutlich schaerfer (nur 17%). Beide Zahlen sind real, aber der im Fliesstext dominante 'Haelfte'-Satz veruntreut die schaerfere 83%-Zahl der Studienebene -- siehe Konsistenzteil."
Ergebnisse/M_kalibrierung/56b_log.txt,Sensitivitaet der Eichungsbilanz (vorreg-Marker vs in-vitro-Marker),bestanden je Variante,2 von 17 eichbaren in beiden Varianten (88% durchgefallen),ja,ja,n/a,negativ,nein,"Nachtraegliche Sensitivitaetsanalyse, nicht in STORY erwaehnt -- untermauert aber den 83%-Befund oben und waere fuer den Methodenbefund (Diskussion Punkt 4) eine zusaetzliche Stuetze."
PAPER/Daten/f4_konvergenzkurve.csv,Konvergenzkurve Programm vs Laesion ueber 18 Datensaetze,konvergente Gene beobachtet vs erwartet,173 vs 7.9 (Programm); 7 vs 8.0 (Laesion),ja,ja (Konsistenzcheck s.o.),nein (Konvergenzzahl selbst ohne MDE80 in dieser Datei; Nachweisgrenze liegt in Phase M-E bei SNR-Stauchung),positiv (Programm) / negativ (Laesion),ja (Kernzahl ueberall),"ACHTUNG: durch PROTOKOLL_M_E vorregistriert widerlegt (Stauchungstest) -- die Zahl 173 vs 7.9 bleibt numerisch richtig, ihre Auslegung als biologischer Befund ist laut Vorbemerkung STORY nicht mehr haltbar."
PAPER/Daten/f4_krankheitsanreicherung.csv,Alter Negativbefund Krankheitsanreicherung (Programm-Gene in Skelett-/Kleinwuchs-Panels, alte Panelversion),OR / p je Schwelle,"z.B. <=1 outlier, up, skeletal dysplasia: OR 0.81 p 1.0",ja (Permutation),unklar (Datei enthaelt keine PK-Spalte),unklar (kein MDE80 in dieser Datei ersichtlich),negativ,ja ('bleibt unveraendert stehen'),"Wird laut Regelwerk bewusst unveraendert stehen gelassen (README); Nachweisgrenze dieser AELTEREN Analyse ist in dieser Datei nicht dokumentiert -- eingeschraenkt belastbar nach den Projektregeln, aber die Datei selbst wird nicht mehr als Hauptquelle benutzt (abgeloest durch m4_anker.csv)."
PAPER/Daten/f6_pooled_summary.csv,Explorative aggregierte Richtungsreplikation (S3),z / p,z+2.81 p0.0027,ja,unklar (keine PK-Spalte in dieser Datei),ja (mde80 0.724, above_mde80 True),positiv,unklar (Zahl 2.81 selbst nicht woertlich in STORY gefunden),"KONSISTENZ-FLAG: STORY zitiert fuer S3 'z 1.21, p 0.0002' (Diskussion/4b) -- diese Datei liefert z+2.81 p0.0027 fuer denselben Analyseschritt (Pooled-Synthese ueber 6 Datensaetze). Drei verschiedene Dateien (m6_nachweisgrenzen.csv: z1.21; f6_pooled_summary.csv: z2.81; f6_study_level_summary.csv: z3.18) tragen fuer nominell denselben S3-Befund DREI verschiedene z-Werte bei identischem p=0.0002/0.0027 -- unklar, welche die tatsaechlich zitierte Quelle ist. Muss vor Einreichung geklaert werden."
PAPER/Daten/f6_study_level_summary.csv,Studienebene S3/S4 (>=3 Studien),z / p,"primary z+3.18 p0.0002 (n=8 Studien); sensitivity z+2.94 p0.001 (n=9)",ja,unklar,nein (kein MDE80 in dieser Datei),positiv,siehe oben (Konsistenzflag),s.o.
PAPER/Daten/f6_s12_fixed173_summary.csv,Fixierter 173-Gen-Satz, externe S12-Kohorte,z / p,z+2.84 p_perm_two_sided 0.0015 (p_perm_upper 0.0005),ja,unklar,ja (mde80 0.679),positiv,nein,"UNGENUTZTER POSITIVBEFUND (Liste B, mit Vorbehalt): eigenstaendiger externer Replikationsdatensatz (S12) mit fixiertem statt neu gesuchtem Geneset zeigt z+2.84, p 0.0015 -- wird in STORY nicht erwaehnt, nur die S3-Sammelzahl. Fehlende PK-Spalte macht abschliessende Bewertung unmoeglich (als 'unklar' markiert)."
PAPER/Daten/f6_mde80_erreichbarkeit.csv,Erreichbarkeit der Nachweisgrenze je externer Kohorte,mde80 / max_reachable,"z.B. GSE185951 mde80 1.20 > max_reachable 1.0 -> NICHT erreichbar; GSE37521 mde80 0.85 < 1.0 -> erreichbar",ja,n/a,ja (das IST die Nachweisgrenzen-Buchfuehrung),nicht_messbar (fuer die nicht erreichbaren Zeilen),teils,"Sorgfaeltige Buchfuehrung, teils in Abb 5/S3 verwertet, aber pro Kohorte nicht einzeln im Text genannt."
PAPER/Daten/m4_anker.csv / m4_power.csv,Dubletten von M_humangenetik/anker.csv und anker_power.csv,identisch,identisch (Pruefung: Werte pruefen ob 1:1 gleich),ja,ja,ja,identisch zu Ergebnisse-Version,ja,"Reine Kopien fuer den Abbildungsbau (PAPER/Daten). Keine eigenstaendige Neuberechnung, Zahlen stimmen ueberein (stichprobenartig verglichen: 5654-GWAS-Zeile identisch)."
PAPER/Daten/m5_synthese.csv / m5_statistik.csv,Kopien von M_donoren/synthese.csv und statistik.csv,identisch,identisch,ja,ja,ja,identisch,ja,Reine Kopien, Werte stimmen exakt mit Ergebnisse/M_donoren ueberein (S1 0.3489/z3.00 etc.).
PAPER/Daten/m6_nachweisgrenzen.csv,Zusammenfassende Ebenen-/Nachweisgrenzentabelle fuer Abb 5,z je Ebene,"models n/a (22x erwartet); external z1.21; donors z3.00; donors_iv nicht erreichbar; donors_syn z1.66 nicht erreichbar; chromatin z4.88; methylome z1.84",ja (indirekt ueber Quelldateien),ja (indirekt),ja (das ist die Nachweisgrenzentabelle selbst),gemischt,ja (Grundlage Abb 5 / Tabelle in STORY Abschnitt 5),"Zentrale Buchfuehrungstabelle. Die 'external z1.21' ist die o.g. Konsistenzfrage."
PAPER/Daten/m1_kohorten.csv / m1_sichtung_diagnosen.csv,Kopien der Diagnosen-/Kohorten-Sichtung fuer Abb 1,identisch zu M_diagnosen/M_patienten Quellen,siehe dort,ja,n/a,n/a,negativ (Datenluecke),ja,Kopien fuer Abbildungsbau, stimmen mit Quelle ueberein.
