window,axis,null_model,n,concordance,concordance_detection_limit,concordance_null,concordance_null_sd,concordance_z,concordance_p,threshold_reached,calibration_type,calibration_passed,calibration_z,calibration_contrast,calibration_detection_limit,verdict
P,osteogenic,background,172,0.686046511627907,0.6433542364939263,0.538161046511628,0.0375689964222493,3.936369858117827,9.99950002499875e-05,True,D,False,-0.5447090819634887,-0.0582330533139616,0.2982597212989368,level not calibrated for this axis
P,osteogenic,H1 baseline-stratified,172,0.686046511627907,0.6353724015315236,0.5302191860465116,0.0375547198160757,4.149340651309871,9.99950002499875e-05,True,D,False,-0.5447090819634887,-0.0582330533139616,0.2982597212989368,level not calibrated for this axis
P,adipogenic,background,172,0.6802325581395349,0.6920942772366332,0.5939334302325581,0.0350574453585982,2.4616490740906447,0.0177991100444977,False,D,True,4.762837649306647,0.5601086771999508,0.3291268582496452,below threshold
P,adipogenic,H1 baseline-stratified,172,0.6802325581395349,0.674216962645286,0.5732366279069767,0.0360644052636818,2.966801461171102,0.0018999050047497,True,D,True,4.762837649306647,0.5601086771999508,0.3291268582496452,threshold reached
P,lineage contrast,background,172,0.436046511627907,0.5049091469886001,0.4062700581395349,0.0352282460175233,0.8452437136257263,0.4427778611069446,False,L,False,2.2619205891047884,0.1380547074638418,0.1709192678849051,level not calibrated for this axis
P,lineage contrast,H1 baseline-stratified,172,0.436046511627907,0.5225834165206654,0.4232465116279069,0.035477466033128,0.360792396730017,0.7731613419329033,False,L,False,2.2619205891047884,0.1380547074638418,0.1709192678849051,level not calibrated for this axis
T10,osteogenic,background,173,0.653179190751445,0.6269304845597887,0.5215875722543353,0.037622468680519,3.497686970372784,0.0008999550022498,True,D,False,1.224642165374375,0.1044936561898185,0.2387543944879275,level not calibrated for this axis
T10,osteogenic,H1 baseline-stratified,173,0.653179190751445,0.6267027059717509,0.5203078034682082,0.037998179465551,3.4967829815030367,0.0004999750012499,True,D,False,1.224642165374375,0.1044936561898185,0.2387543944879275,level not calibrated for this axis
T10,adipogenic,background,173,0.6416184971098265,0.6673706521293203,0.5651595375722543,0.0365039694846664,2.0945382274026105,0.0410979451027448,False,D,True,5.010963905915043,0.4527368364863203,0.2529468571886993,below threshold
T10,adipogenic,H1 baseline-stratified,173,0.6416184971098265,0.6570368003332758,0.5533052023121386,0.0370469992932632,2.38381775804841,0.0221988900554972,False,D,True,5.010963905915043,0.4527368364863203,0.2529468571886993,below threshold
T10,lineage contrast,background,173,0.5086705202312138,0.5582068212787274,0.4535390173410404,0.0373813585491739,1.4748394662449122,0.1633918304084795,False,L,False,1.7969282078105606,0.0798548700960058,0.1243580575800412,level not calibrated for this axis
T10,lineage contrast,H1 baseline-stratified,173,0.5086705202312138,0.5685153105023524,0.4668251445086704,0.036317916426315,1.1521964870270855,0.2894855257237138,False,L,False,1.7969282078105606,0.0798548700960058,0.1243580575800412,level not calibrated for this axis
T50,osteogenic,background,173,0.6705202312138728,0.6331514105449048,0.5271598265895954,0.0378541371268962,3.7871793020588154,0.0003999800009999,True,D,False,1.655925842083083,0.1014857195642832,0.171106385611556,level not calibrated for this axis
T50,osteogenic,H1 baseline-stratified,173,0.6705202312138728,0.6259164491432077,0.5200407514450867,0.0378127491779003,3.97959638059678,0.0002999850007499,True,D,False,1.655925842083083,0.1014857195642832,0.171106385611556,level not calibrated for this axis
T50,adipogenic,background,173,0.6994219653179191,0.6451436728314631,0.5406144508670521,0.0373318649872896,4.253940018933853,9.99950002499875e-05,True,D,True,4.133876459378316,0.2681887631321786,0.1819434292086396,threshold reached
T50,adipogenic,H1 baseline-stratified,173,0.6994219653179191,0.6437224309035061,0.5397098265895954,0.0371473586835395,4.299421126786445,9.99950002499875e-05,True,D,True,4.133876459378316,0.2681887631321786,0.1819434292086396,threshold reached
T50,lineage contrast,background,173,0.5549132947976878,0.5985983607951741,0.4920771676300577,0.0380432832732558,1.6517009511585286,0.1152942352882355,False,L,False,1.115436970869562,0.0457972033371427,0.1146518438929688,level not calibrated for this axis
T50,lineage contrast,H1 baseline-stratified,173,0.5549132947976878,0.5902337010472819,0.4891445086705203,0.0361032829917005,1.8216843643356888,0.0813959302034898,False,L,False,1.115436970869562,0.0457972033371427,0.1146518438929688,level not calibrated for this axis
GB,osteogenic,background,173,0.6820809248554913,0.6251847932700958,0.5198404624277456,0.0376229753008393,4.312270923031606,9.99950002499875e-05,True,D,False,1.199571756882532,0.1179332979291993,0.2761003996145121,level not calibrated for this axis
GB,osteogenic,H1 baseline-stratified,173,0.6820809248554913,0.6174983690417846,0.5117268786127168,0.0377755322960956,4.509639861789105,9.99950002499875e-05,True,D,False,1.199571756882532,0.1179332979291993,0.2761003996145121,level not calibrated for this axis
GB,adipogenic,background,173,0.6936416184971098,0.6396975775052964,0.5342855491329479,0.0376471529901244,4.232885004769521,9.99950002499875e-05,True,D,True,3.729328628460359,0.3931780378828438,0.2951062530575982,threshold reached
GB,adipogenic,H1 baseline-stratified,173,0.6936416184971098,0.6210816830948216,0.5175835260115608,0.036963627529736,4.763009051098032,9.99950002499875e-05,True,D,True,3.729328628460359,0.3931780378828438,0.2951062530575982,threshold reached
GB,lineage contrast,background,173,0.5491329479768786,0.592961295775259,0.4871462427745664,0.0377910903573902,1.6402465400205222,0.1155942202889855,False,L,False,0.9313811184134716,0.0580538795649609,0.1754222529136861,level not calibrated for this axis
GB,lineage contrast,H1 baseline-stratified,173,0.5491329479768786,0.6054583126435473,0.5013468208092485,0.0371826756551066,1.285171826010512,0.2276886155692215,False,L,False,0.9313811184134716,0.0580538795649609,0.1754222529136861,level not calibrated for this axis
