ensembl,symbol,rho_without_gene,delta_from_full
ENSG00000154928,EPHB1,0.6157590508062062,-0.0065112765922669125
ENSG00000156463,SH3RF2,0.6161151635642406,-0.0061551638342325354
ENSG00000162746,FCRLB,0.6162118564323161,-0.00605847096615697
ENSG00000158164,TMSB15A,0.6163368496520235,-0.005933477746449589
ENSG00000154447,SH3RF1,0.6163793001794713,-0.00589102721900181
ENSG00000139641,ESYT1,0.616475993047547,-0.005794334350926134
ENSG00000154102,C16orf74,0.6164877848607268,-0.005782542537746349
ENSG00000004838,ZMYND10,0.6165844777288024,-0.005685849669670673
ENSG00000242265,PEG10,0.6166387200694301,-0.005631607329042998
ENSG00000137700,SLC37A4,0.6167212627616897,-0.005549064636783396
ENSG00000119326,CTNNAL1,0.6167212627616897,-0.005549064636783396
ENSG00000169908,TM4SF1,0.6167283378495977,-0.0055419895488754145
ENSG00000060140,STYK1,0.6167495631133216,-0.005520764285151469
ENSG00000163814,CDCP1,0.6167778634649534,-0.0054924639335196535
ENSG00000205476,CCDC85C,0.6167778634649534,-0.0054924639335196535
ENSG00000164220,F2RL2,0.6168226723550373,-0.005447655043435806
ENSG00000183850,ZNF730,0.6168250307176733,-0.005445296680799849
ENSG00000141577,CEP131,0.6168297474429453,-0.0054405799555278245
ENSG00000139874,SSTR1,0.6168391808934891,-0.005431146504983997
ENSG00000110076,NRXN2,0.6168674812451211,-0.005402846153351959
ENSG00000110583,NAA40,0.616888706508845,-0.005381620889628125
ENSG00000114279,FGF12,0.616893423234117,-0.0053769041643561
ENSG00000175322,ZNF519,0.6169052150472969,-0.0053651123511762044
ENSG00000100147,CCDC134,0.6169382321242007,-0.005332095274272364
ENSG00000015532,XYLT2,0.6169618157505606,-0.005308511647912462
ENSG00000149782,PLCB3,0.6169665324758326,-0.005303794922640548
ENSG00000182901,RGS7,0.6169806826516486,-0.005289644746824473
ENSG00000141469,SLC14A1,0.6169971911901004,-0.005273136208372664
ENSG00000073737,DHRS9,0.6170019079153725,-0.005268419483100639
ENSG00000118777,ABCG2,0.6170184164538244,-0.005251910944648719
ENSG00000180329,CCDC43,0.6170302082670043,-0.005240119131468823
ENSG00000139629,GALNT6,0.6170844506076321,-0.0051858767908410375
ENSG00000166840,GLYATL1,0.6170891673329041,-0.005181160065569013
ENSG00000040275,SPDL1,0.617105675871356,-0.005164651527117092
ENSG00000106688,SLC1A1,0.6171221844098078,-0.005148142988665283
ENSG00000132563,REEP2,0.6171386929482598,-0.005131634450213252
ENSG00000160972,PPP1R16A,0.6171693516625277,-0.005100975735945368
ENSG00000143369,ECM1,0.6172825530690552,-0.004987774329417882
ENSG00000178031,ADAMTSL1,0.6172825530690552,-0.004987774329417882
ENSG00000168067,MAP4K2,0.6173580206734068,-0.004912306725066262
ENSG00000125872,LRRN4,0.6173698124865867,-0.004900514911886367
ENSG00000130052,STARD8,0.6174028295634906,-0.004867497834982526
ENSG00000186767,SPIN4,0.6174075462887626,-0.004862781109710501
ENSG00000169071,ROR2,0.6174900889810222,-0.004780238417450899
ENSG00000174939,ASPHD1,0.6175820651238257,-0.004688262274647359
ENSG00000138696,BMPR1B,0.6175914985743697,-0.00467882882410342
ENSG00000157514,TSC22D3,0.6184829596507736,-0.0037873677476994994
ENSG00000106415,GLCCI1,0.6188555809472599,-0.003414746451213202
ENSG00000111321,LTBR,0.6192140520679302,-0.003056275330542868
ENSG00000269713,NBPF9,0.6192234855184742,-0.0030468418799989294
ENSG00000118689,FOXO3,0.6196409157050442,-0.002629411693428896
ENSG00000109906,ZBTB16,0.6197871341884755,-0.0024831932099975695
ENSG00000150764,DIXDC1,0.6198060010895635,-0.0024643263089095813
ENSG00000173432,SAA1,0.6198177929027434,-0.0024525344957296857
ENSG00000027697,IFNGR1,0.6199923117378067,-0.0022780156606664326
ENSG00000135002,RFK,0.6201102298696061,-0.002160097528867033
ENSG00000164008,C1orf50,0.6201408885838738,-0.0021294388145992604
ENSG00000134539,KLRD1,0.6203908750232888,-0.0018794523751842762
ENSG00000131634,TMEM204,0.6204498340891885,-0.0018204933092845765
ENSG00000091129,NRCAM,0.6206951038033314,-0.0015752235951417282
ENSG00000146833,TRIM4,0.6207894383087709,-0.0014808890897022309
ENSG00000094631,HDAC6,0.6208271721109467,-0.0014431552875263653
ENSG00000150787,PTS,0.6208483973746706,-0.0014219300238025312
ENSG00000112576,CCND3,0.6208625475504866,-0.0014077798479864567
ENSG00000119950,MXI1,0.6209002813526624,-0.0013700460458107022
ENSG00000150907,FOXO1,0.6209450902427462,-0.001325237155726855
ENSG00000000971,CFH,0.6210630083745456,-0.0012073190239274556
ENSG00000100906,NFKBIA,0.6211620596052572,-0.0011082677932159335
ENSG00000080561,MID2,0.6212233770337929,-0.0010469503646801659
ENSG00000141338,ABCA8,0.6215535478028313,-0.0007167795956417589
ENSG00000136436,CALCOCO2,0.6217492919016184,-0.0005210354968546715
ENSG00000042286,AIFM2,0.6219591861762215,-0.0003111412222516208
ENSG00000154144,TBRG1,0.6219874865278533,-0.0002828408706198049
ENSG00000164932,CTHRC1,0.6220157868794853,-0.00025454051898776697
ENSG00000125734,GPR108,0.6221360633739207,-0.0001342640245524107
ENSG00000232070,TMEM253,0.622286998582624,1.6671184150940377e-05
ENSG00000175155,YPEL2,0.6223624661869757,9.213878850256041e-05
ENSG00000142303,ADAMTS10,0.622506326307771,0.00023599890929792977
ENSG00000183628,DGCR6,0.6225770771868507,0.000306749788377636
ENSG00000091656,ZFHX4,0.6226077359011185,0.0003374085026454088
ENSG00000099860,GADD45B,0.6226266028022064,0.00035627540373328603
ENSG00000163735,CXCL5,0.6226501864285663,0.0003798590300931881
ENSG00000182853,VMO1,0.6226855618681062,0.00041523446963309674
ENSG00000154767,XPC,0.6227398042087339,0.0004694768102607716
ENSG00000154262,ABCA6,0.6228860226921653,0.0006156952936922089
ENSG00000158234,FAIM,0.6229025312306171,0.0006322038321440182
ENSG00000196507,TCEAL3,0.622919039769069,0.0006487123705959386
ENSG00000152463,OLAH,0.622921398131705,0.0006510707332318955
ENSG00000266714,MYO15B,0.6229284732196131,0.0006581458211399882
ENSG00000030419,IKZF2,0.6230086575492366,0.000738330150763522
ENSG00000136205,TNS3,0.6231077087799481,0.0008373813814750442
ENSG00000143196,DPT,0.623152517670032,0.0008821902715588914
ENSG00000109819,PPARGC1A,0.62315959275794,0.0008892653594668731
ENSG00000119138,KLF9,0.6232114767359317,0.0009411493374585911
ENSG00000125775,SDCBP2,0.6232421354501995,0.0009718080517263639
ENSG00000172817,CYP7B1,0.6232492105381074,0.0009788831396343456
ENSG00000120832,MTERF2,0.6233034528787352,0.0010331254802621315
ENSG00000126561,STAT5A,0.6233152446919152,0.001044917293442138
ENSG00000164081,TEX264,0.6233223197798231,0.0010519923813500087
ENSG00000137673,MMP7,0.6233364699556391,0.0010661425571659722
ENSG00000151090,THRB,0.6233506201314551,0.0010802927329820466
ENSG00000149043,SYT8,0.623364770307271,0.001094442908797899
ENSG00000115041,KCNIP3,0.623369487032543,0.001099159634069924
ENSG00000165476,REEP3,0.6233977873841748,0.0011274599857017398
ENSG00000115594,IL1R1,0.6234048624720828,0.0011345350736097215
ENSG00000151692,RNF144A,0.6234190126478987,0.001148685249425574
ENSG00000140092,FBLN5,0.6234685382632545,0.001198210864781446
ENSG00000147526,TACC1,0.6235062720654303,0.0012359446669572005
ENSG00000138639,ARHGAP24,0.6235251389665182,0.0012548115680450778
ENSG00000131386,GALNT15,0.6236076816587779,0.0013373542603047905
ENSG00000185950,IRS2,0.6236784325378576,0.0014081051393844968
ENSG00000145675,PIK3R1,0.6237043745268535,0.0014340471283803558
ENSG00000145244,CORIN,0.6237114496147614,0.0014411222162883375
ENSG00000178104,PDE4DIP,0.6237255997905773,0.00145527239210419
ENSG00000099998,GGT5,0.6237727670432971,0.001502439644823994
ENSG00000184292,TACSTD2,0.6237798421312051,0.0015095147327319758
ENSG00000078114,NEBL,0.6237845588564771,0.0015142314580040006
ENSG00000170485,NPAS2,0.6237845588564771,0.0015142314580040006
ENSG00000160808,MYL3,0.6238741766366447,0.001603849238171584
ENSG00000183621,ZNF438,0.6239732278673562,0.0017029004688831062
ENSG00000117280,RAB29,0.6241689719661433,0.0018986445676701935
ENSG00000114439,BBX,0.6241949139551392,0.0019245865566660525
ENSG00000124440,HIF3A,0.6242090641309551,0.001938736732482016
ENSG00000102760,RGCC,0.6243222655374826,0.0020519381390095015
ENSG00000197892,KIF13B,0.6244920676472738,0.00222174024880073
ENSG00000151726,ACSL1,0.6245250847241777,0.0022547573257045705
ENSG00000088836,SLC4A11,0.6245887605153493,0.002318433116876184
ENSG00000153561,RMND5A,0.6246264943175251,0.0023561669190520496
ENSG00000047644,WWC3,0.6246878117460609,0.002417484347587817
ENSG00000189058,APOD,0.6247632793504125,0.002492951951939437
ENSG00000162599,NFIA,0.6247750711635925,0.0025047437651194437
ENSG00000135838,NPL,0.6249590234491996,0.0026886960507265245
ENSG00000188215,DCUN1D3,0.6250061907019194,0.0027358633034463287
ENSG00000101439,CST3,0.6250651497678191,0.0027948223693460283
ENSG00000119927,GPAM,0.6251311839216268,0.0028608565231537098
ENSG00000129116,PALLD,0.6252066515259785,0.002936324127505441
ENSG00000172465,TCEAL1,0.6252113682512505,0.0029410408527773546
ENSG00000115604,IL18R1,0.6253245696577779,0.00305424225930484
ENSG00000081148,IMPG2,0.6254165458005815,0.0031462184021083806
ENSG00000123342,MMP19,0.6254542796027572,0.003183952204284135
ENSG00000170776,AKAP13,0.6254990884928411,0.0032287610943679823
ENSG00000166833,NAV2,0.625536822295017,0.003266494896543848
ENSG00000124151,NCOA3,0.6255721977345567,0.0033018703360836454
ENSG00000102554,KLF5,0.6255934229982807,0.0033230955998075906
ENSG00000156234,CXCL13,0.6256853991410842,0.003415071742611131
ENSG00000049239,H6PD,0.6259235937673191,0.0036532663688459976
ENSG00000086544,ITPKC,0.6261216962287423,0.003851368830269153
ENSG00000113916,BCL6,0.6261287713166501,0.0038584439181770236
ENSG00000134532,SOX5,0.6261971638330939,0.003926836434620773
ENSG00000162825,NBPF20,0.6262042389210019,0.003933911522528755
ENSG00000009413,REV3L,0.6262891399758975,0.004018812577424424
ENSG00000180447,GAS1,0.6264495086351447,0.004179181236671603
ENSG00000011465,DCN,0.6273126693599167,0.005042341961443597
ENSG00000107551,RASSF4,0.6275107718213399,0.005240444422866752
ENSG00000006459,KDM7A,0.6276239732278673,0.005353645829394238
ENSG00000111319,SCNN1A,0.6280437617770733,0.0057734343786002285
ENSG00000153531,ADPRHL1,0.6281380962825129,0.005867768884039837
ENSG00000153250,RBMS1,0.6282277140626805,0.00595738666420742
ENSG00000134533,RERG,0.6282512976890403,0.005980970290567211
ENSG00000116194,ANGPTL1,0.6283244069307561,0.0060540795322829855
ENSG00000173918,C1QTNF1,0.6283692158208398,0.006098888422366722
ENSG00000161896,IP6K3,0.6285602431943549,0.006289915795881784
ENSG00000112679,DUSP22,0.6287819292821378,0.0065116018836647305
ENSG00000107679,PLEKHA1,0.6296898988969938,0.007419571498520683
ENSG00000144668,ITGA9,0.6304351414899664,0.008164814091493278
ENSG00000144891,AGTR1,0.6309327560061601,0.008662428607686956
ENSG00000172292,CERS6,0.6311332168302191,0.008862889431745957
ENSG00000163995,ABLIM2,0.631149725368671,0.008879397970197878
ENSG00000072201,LNX1,0.6316685651485886,0.009398237750115501
ENSG00000080503,SMARCA2,0.631772333104572,0.009502005706098937
ENSG00000139209,SLC38A4,0.6318737426979196,0.009603415299446527
ENSG00000133142,TCEAL4,0.6320789202472508,0.009808592848777664
ENSG00000127083,OMD,0.6326001183898042,0.010329790991331134
