punkt,datensatz,arm,groesse_seite,delta,runde,z_korr
3,FN1 FNC123R,chondrogen,15,0.0,1,0.107951447699152
3,FN1 FNC123R,chondrogen,15,0.0,2,0.50304561035989
3,FN1 FNC123R,chondrogen,15,0.0,3,-1.79497479904757
3,FN1 FNC123R,chondrogen,15,0.0,4,-0.758189204679738
3,FN1 FNC123R,chondrogen,15,0.0,5,1.3574855815953
3,FN1 FNC123R,chondrogen,15,0.05,1,-0.595720217776905
3,FN1 FNC123R,chondrogen,15,0.05,2,-0.897748614140191
3,FN1 FNC123R,chondrogen,15,0.05,3,1.36501048061337
3,FN1 FNC123R,chondrogen,15,0.05,4,1.27369094160308
3,FN1 FNC123R,chondrogen,15,0.05,5,0.23995945904251
3,FN1 FNC123R,chondrogen,15,0.1,1,-0.476645959928611
3,FN1 FNC123R,chondrogen,15,0.1,2,-0.529580898978898
3,FN1 FNC123R,chondrogen,15,0.1,3,-0.962947838823591
3,FN1 FNC123R,chondrogen,15,0.1,4,2.00021278389277
3,FN1 FNC123R,chondrogen,15,0.1,5,0.005039221544539
3,FN1 FNC123R,chondrogen,15,0.2,1,0.484437022205444
3,FN1 FNC123R,chondrogen,15,0.2,2,-0.388308049515401
3,FN1 FNC123R,chondrogen,15,0.2,3,0.927242823664546
3,FN1 FNC123R,chondrogen,15,0.2,4,0.199655583080515
3,FN1 FNC123R,chondrogen,15,0.2,5,-0.946622264176796
3,FN1 FNC123R,chondrogen,15,0.35,1,1.36404809844168
3,FN1 FNC123R,chondrogen,15,0.35,2,-0.469770533679501
3,FN1 FNC123R,chondrogen,15,0.35,3,1.66669296644992
3,FN1 FNC123R,chondrogen,15,0.35,4,1.8188975363502
3,FN1 FNC123R,chondrogen,15,0.35,5,1.08830774595984
3,FN1 FNC123R,chondrogen,15,0.5,1,-0.630065324097587
3,FN1 FNC123R,chondrogen,15,0.5,2,0.781447045795862
3,FN1 FNC123R,chondrogen,15,0.5,3,0.162662807626194
3,FN1 FNC123R,chondrogen,15,0.5,4,1.92322899000399
3,FN1 FNC123R,chondrogen,15,0.5,5,1.5027282115263
3,FN1 FNC123R,chondrogen,15,0.75,1,2.72818530078236
3,FN1 FNC123R,chondrogen,15,0.75,2,2.0844708157561
3,FN1 FNC123R,chondrogen,15,0.75,3,4.6931949374551
3,FN1 FNC123R,chondrogen,15,0.75,4,0.827532918341316
3,FN1 FNC123R,chondrogen,15,0.75,5,1.47920911562305
3,FN1 FNC123R,chondrogen,15,1.0,1,3.05081920627007
3,FN1 FNC123R,chondrogen,15,1.0,2,1.15459364105615
3,FN1 FNC123R,chondrogen,15,1.0,3,4.0746671239165
3,FN1 FNC123R,chondrogen,15,1.0,4,2.54881321500022
3,FN1 FNC123R,chondrogen,15,1.0,5,3.30954146408411
3,FN1 FNC123R,chondrogen,30,0.0,1,0.945820558116934
3,FN1 FNC123R,chondrogen,30,0.0,2,1.02986048620807
3,FN1 FNC123R,chondrogen,30,0.0,3,-2.02428422437589
3,FN1 FNC123R,chondrogen,30,0.0,4,1.01648053058018
3,FN1 FNC123R,chondrogen,30,0.0,5,-0.947148351125284
3,FN1 FNC123R,chondrogen,30,0.05,1,0.30095474682612
3,FN1 FNC123R,chondrogen,30,0.05,2,-1.85498695159195
3,FN1 FNC123R,chondrogen,30,0.05,3,-0.649421390158947
3,FN1 FNC123R,chondrogen,30,0.05,4,0.477155962662044
3,FN1 FNC123R,chondrogen,30,0.05,5,-0.345930425150851
3,FN1 FNC123R,chondrogen,30,0.1,1,0.438846061977382
3,FN1 FNC123R,chondrogen,30,0.1,2,1.34260877026634
3,FN1 FNC123R,chondrogen,30,0.1,3,1.88210796613553
3,FN1 FNC123R,chondrogen,30,0.1,4,-2.52826868443394
3,FN1 FNC123R,chondrogen,30,0.1,5,0.4648394211957
3,FN1 FNC123R,chondrogen,30,0.2,1,1.63828669558043
3,FN1 FNC123R,chondrogen,30,0.2,2,-0.592945993944341
3,FN1 FNC123R,chondrogen,30,0.2,3,0.307972448633724
3,FN1 FNC123R,chondrogen,30,0.2,4,1.43204269060759
3,FN1 FNC123R,chondrogen,30,0.2,5,1.12442284091518
3,FN1 FNC123R,chondrogen,30,0.35,1,2.9432080400941
3,FN1 FNC123R,chondrogen,30,0.35,2,2.96462289926061
3,FN1 FNC123R,chondrogen,30,0.35,3,1.14386823928988
3,FN1 FNC123R,chondrogen,30,0.35,4,1.28665398744468
3,FN1 FNC123R,chondrogen,30,0.35,5,0.53296592080172
3,FN1 FNC123R,chondrogen,30,0.5,1,0.297395174050471
3,FN1 FNC123R,chondrogen,30,0.5,2,4.21299790376418
3,FN1 FNC123R,chondrogen,30,0.5,3,2.18651266274756
3,FN1 FNC123R,chondrogen,30,0.5,4,2.07145477404149
3,FN1 FNC123R,chondrogen,30,0.5,5,6.79814099904258
3,FN1 FNC123R,chondrogen,30,0.75,1,1.51883115969694
3,FN1 FNC123R,chondrogen,30,0.75,2,4.54277718206818
3,FN1 FNC123R,chondrogen,30,0.75,3,3.72037436382108
3,FN1 FNC123R,chondrogen,30,0.75,4,3.17704621972414
3,FN1 FNC123R,chondrogen,30,0.75,5,4.10723849051931
3,FN1 FNC123R,chondrogen,30,1.0,1,4.55911343369521
3,FN1 FNC123R,chondrogen,30,1.0,2,4.27423206752179
3,FN1 FNC123R,chondrogen,30,1.0,3,3.86275922889307
3,FN1 FNC123R,chondrogen,30,1.0,4,5.70267428039785
3,FN1 FNC123R,chondrogen,30,1.0,5,4.34251363719105
3,FN1 FNC123R,chondrogen,60,0.0,1,-0.330109037605252
3,FN1 FNC123R,chondrogen,60,0.0,2,-2.72183633420263
3,FN1 FNC123R,chondrogen,60,0.0,3,-0.0791764423920657
3,FN1 FNC123R,chondrogen,60,0.0,4,0.314427879715412
3,FN1 FNC123R,chondrogen,60,0.0,5,0.0056657077980066
3,FN1 FNC123R,chondrogen,60,0.05,1,0.249964511677645
3,FN1 FNC123R,chondrogen,60,0.05,2,0.638715382476516
3,FN1 FNC123R,chondrogen,60,0.05,3,0.684857414315063
3,FN1 FNC123R,chondrogen,60,0.05,4,1.14535537342052
3,FN1 FNC123R,chondrogen,60,0.05,5,-0.361922461919233
3,FN1 FNC123R,chondrogen,60,0.1,1,0.157146732750883
3,FN1 FNC123R,chondrogen,60,0.1,2,1.00189934679114
3,FN1 FNC123R,chondrogen,60,0.1,3,0.233969000708994
3,FN1 FNC123R,chondrogen,60,0.1,4,0.360773545435757
3,FN1 FNC123R,chondrogen,60,0.1,5,-0.619975638260588
3,FN1 FNC123R,chondrogen,60,0.2,1,1.03114120203998
3,FN1 FNC123R,chondrogen,60,0.2,2,0.193906212551805
3,FN1 FNC123R,chondrogen,60,0.2,3,1.74390628154611
3,FN1 FNC123R,chondrogen,60,0.2,4,0.0738999790355814
3,FN1 FNC123R,chondrogen,60,0.2,5,1.91298880281513
3,FN1 FNC123R,chondrogen,60,0.35,1,0.867738485269385
3,FN1 FNC123R,chondrogen,60,0.35,2,1.36231986191447
3,FN1 FNC123R,chondrogen,60,0.35,3,0.651166045405996
3,FN1 FNC123R,chondrogen,60,0.35,4,3.10677662872138
3,FN1 FNC123R,chondrogen,60,0.35,5,3.23845671429994
3,FN1 FNC123R,chondrogen,60,0.5,1,4.4047742678376
3,FN1 FNC123R,chondrogen,60,0.5,2,4.08659299481264
3,FN1 FNC123R,chondrogen,60,0.5,3,4.52058963331904
3,FN1 FNC123R,chondrogen,60,0.5,4,3.58063502741691
3,FN1 FNC123R,chondrogen,60,0.5,5,3.87070924891781
3,FN1 FNC123R,chondrogen,60,0.75,1,6.81986950637615
3,FN1 FNC123R,chondrogen,60,0.75,2,5.16053243460048
3,FN1 FNC123R,chondrogen,60,0.75,3,4.35973890924527
3,FN1 FNC123R,chondrogen,60,0.75,4,4.47279594557827
3,FN1 FNC123R,chondrogen,60,0.75,5,5.85382430497692
3,FN1 FNC123R,chondrogen,60,1.0,1,7.07393005599292
3,FN1 FNC123R,chondrogen,60,1.0,2,7.50296648502117
3,FN1 FNC123R,chondrogen,60,1.0,3,6.99924435683092
3,FN1 FNC123R,chondrogen,60,1.0,4,5.64596075633333
3,FN1 FNC123R,chondrogen,60,1.0,5,8.54625178307748
4,FN1 FNC231W,chondrogen,15,0.0,1,0.791449367687791
4,FN1 FNC231W,chondrogen,15,0.0,2,1.14976092250124
4,FN1 FNC231W,chondrogen,15,0.0,3,-0.150333066726723
4,FN1 FNC231W,chondrogen,15,0.0,4,-0.318576914706436
4,FN1 FNC231W,chondrogen,15,0.0,5,-0.452943558312493
4,FN1 FNC231W,chondrogen,15,0.05,1,0.312216375638766
4,FN1 FNC231W,chondrogen,15,0.05,2,0.799252003879439
4,FN1 FNC231W,chondrogen,15,0.05,3,0.675309733224113
4,FN1 FNC231W,chondrogen,15,0.05,4,1.39101154046347
4,FN1 FNC231W,chondrogen,15,0.05,5,1.65702098056067
4,FN1 FNC231W,chondrogen,15,0.1,1,1.39566810645359
4,FN1 FNC231W,chondrogen,15,0.1,2,-0.0420891845969859
4,FN1 FNC231W,chondrogen,15,0.1,3,-1.17035025583699
4,FN1 FNC231W,chondrogen,15,0.1,4,2.79216622747871
4,FN1 FNC231W,chondrogen,15,0.1,5,0.537421416826931
4,FN1 FNC231W,chondrogen,15,0.2,1,2.00784728218984
4,FN1 FNC231W,chondrogen,15,0.2,2,-1.10164644731602
4,FN1 FNC231W,chondrogen,15,0.2,3,-0.613900085602206
4,FN1 FNC231W,chondrogen,15,0.2,4,1.82912003427417
4,FN1 FNC231W,chondrogen,15,0.2,5,0.428620918042862
4,FN1 FNC231W,chondrogen,15,0.35,1,3.52709587385377
4,FN1 FNC231W,chondrogen,15,0.35,2,-0.627599142476926
4,FN1 FNC231W,chondrogen,15,0.35,3,1.11001622851523
4,FN1 FNC231W,chondrogen,15,0.35,4,2.0456869383958
4,FN1 FNC231W,chondrogen,15,0.35,5,1.02090098648843
4,FN1 FNC231W,chondrogen,15,0.5,1,-0.37220146399676
4,FN1 FNC231W,chondrogen,15,0.5,2,1.94384550260569
4,FN1 FNC231W,chondrogen,15,0.5,3,1.95853854023175
4,FN1 FNC231W,chondrogen,15,0.5,4,0.923180823627685
4,FN1 FNC231W,chondrogen,15,0.5,5,3.37551903417333
4,FN1 FNC231W,chondrogen,15,0.75,1,3.57297345620921
4,FN1 FNC231W,chondrogen,15,0.75,2,2.7870658258255
4,FN1 FNC231W,chondrogen,15,0.75,3,2.42468102114277
4,FN1 FNC231W,chondrogen,15,0.75,4,2.17430772553303
4,FN1 FNC231W,chondrogen,15,0.75,5,0.38498148401096
4,FN1 FNC231W,chondrogen,15,1.0,1,2.94611619858447
4,FN1 FNC231W,chondrogen,15,1.0,2,5.03597543958223
4,FN1 FNC231W,chondrogen,15,1.0,3,5.1186320618225
4,FN1 FNC231W,chondrogen,15,1.0,4,3.1374089924858
4,FN1 FNC231W,chondrogen,15,1.0,5,2.92754742293148
4,FN1 FNC231W,chondrogen,30,0.0,1,-0.554022089041638
4,FN1 FNC231W,chondrogen,30,0.0,2,-0.298995892584115
4,FN1 FNC231W,chondrogen,30,0.0,3,-0.135615672679451
4,FN1 FNC231W,chondrogen,30,0.0,4,0.593418430468366
4,FN1 FNC231W,chondrogen,30,0.0,5,0.570299368240813
4,FN1 FNC231W,chondrogen,30,0.05,1,-0.35298780922558
4,FN1 FNC231W,chondrogen,30,0.05,2,2.15770051715087
4,FN1 FNC231W,chondrogen,30,0.05,3,-1.54350997802337
4,FN1 FNC231W,chondrogen,30,0.05,4,1.37398578060699
4,FN1 FNC231W,chondrogen,30,0.05,5,1.08657512939018
4,FN1 FNC231W,chondrogen,30,0.1,1,0.998340154398571
4,FN1 FNC231W,chondrogen,30,0.1,2,1.56875502148697
4,FN1 FNC231W,chondrogen,30,0.1,3,1.99368822709493
4,FN1 FNC231W,chondrogen,30,0.1,4,-1.5936598237511
4,FN1 FNC231W,chondrogen,30,0.1,5,0.213425573987897
4,FN1 FNC231W,chondrogen,30,0.2,1,2.43029478983436
4,FN1 FNC231W,chondrogen,30,0.2,2,-0.681894805670988
4,FN1 FNC231W,chondrogen,30,0.2,3,-0.0043166803264107
4,FN1 FNC231W,chondrogen,30,0.2,4,2.38990739641031
4,FN1 FNC231W,chondrogen,30,0.2,5,-0.242316988125407
4,FN1 FNC231W,chondrogen,30,0.35,1,2.21346614432028
4,FN1 FNC231W,chondrogen,30,0.35,2,2.21911146600839
4,FN1 FNC231W,chondrogen,30,0.35,3,3.48091725913846
4,FN1 FNC231W,chondrogen,30,0.35,4,2.96598657461437
4,FN1 FNC231W,chondrogen,30,0.35,5,1.01203974540436
4,FN1 FNC231W,chondrogen,30,0.5,1,3.47169363065117
4,FN1 FNC231W,chondrogen,30,0.5,2,1.46895368536317
4,FN1 FNC231W,chondrogen,30,0.5,3,3.72548907948618
4,FN1 FNC231W,chondrogen,30,0.5,4,2.65922222094187
4,FN1 FNC231W,chondrogen,30,0.5,5,1.67048574675728
4,FN1 FNC231W,chondrogen,30,0.75,1,0.354580836948116
4,FN1 FNC231W,chondrogen,30,0.75,2,3.29442627433066
4,FN1 FNC231W,chondrogen,30,0.75,3,2.23630312032036
4,FN1 FNC231W,chondrogen,30,0.75,4,3.5496059775611
4,FN1 FNC231W,chondrogen,30,0.75,5,3.57386011529556
4,FN1 FNC231W,chondrogen,30,1.0,1,4.7442103933688
4,FN1 FNC231W,chondrogen,30,1.0,2,3.4550237557476
4,FN1 FNC231W,chondrogen,30,1.0,3,3.82156496925199
4,FN1 FNC231W,chondrogen,30,1.0,4,2.68480867310013
4,FN1 FNC231W,chondrogen,30,1.0,5,3.79790760433351
4,FN1 FNC231W,chondrogen,60,0.0,1,0.244410356008981
4,FN1 FNC231W,chondrogen,60,0.0,2,-2.32816793576104
4,FN1 FNC231W,chondrogen,60,0.0,3,0.358288851545616
4,FN1 FNC231W,chondrogen,60,0.0,4,-0.402184839733251
4,FN1 FNC231W,chondrogen,60,0.0,5,0.088296431725072
4,FN1 FNC231W,chondrogen,60,0.05,1,0.197412430072477
4,FN1 FNC231W,chondrogen,60,0.05,2,1.48851841389577
4,FN1 FNC231W,chondrogen,60,0.05,3,-2.4284399345535
4,FN1 FNC231W,chondrogen,60,0.05,4,-0.283632586814936
4,FN1 FNC231W,chondrogen,60,0.05,5,0.376010889301864
4,FN1 FNC231W,chondrogen,60,0.1,1,-0.534061513516947
4,FN1 FNC231W,chondrogen,60,0.1,2,0.999247662600437
4,FN1 FNC231W,chondrogen,60,0.1,3,0.732893980170528
4,FN1 FNC231W,chondrogen,60,0.1,4,2.70877030815355
4,FN1 FNC231W,chondrogen,60,0.1,5,0.285960556073602
4,FN1 FNC231W,chondrogen,60,0.2,1,1.7278489504558
4,FN1 FNC231W,chondrogen,60,0.2,2,1.89355627936609
4,FN1 FNC231W,chondrogen,60,0.2,3,0.902004348440393
4,FN1 FNC231W,chondrogen,60,0.2,4,1.167585183674
4,FN1 FNC231W,chondrogen,60,0.2,5,2.80166647413613
4,FN1 FNC231W,chondrogen,60,0.35,1,2.17601178241765
4,FN1 FNC231W,chondrogen,60,0.35,2,4.47530653961733
4,FN1 FNC231W,chondrogen,60,0.35,3,0.901048509231104
4,FN1 FNC231W,chondrogen,60,0.35,4,1.29986688319524
4,FN1 FNC231W,chondrogen,60,0.35,5,2.06866297302892
4,FN1 FNC231W,chondrogen,60,0.5,1,2.6641739271649
4,FN1 FNC231W,chondrogen,60,0.5,2,2.61567304179304
4,FN1 FNC231W,chondrogen,60,0.5,3,5.08960355296325
4,FN1 FNC231W,chondrogen,60,0.5,4,3.77105720182308
4,FN1 FNC231W,chondrogen,60,0.5,5,2.03050087890202
4,FN1 FNC231W,chondrogen,60,0.75,1,2.93492813159768
4,FN1 FNC231W,chondrogen,60,0.75,2,3.84345982363975
4,FN1 FNC231W,chondrogen,60,0.75,3,4.2373199063733
4,FN1 FNC231W,chondrogen,60,0.75,4,1.85412177085802
4,FN1 FNC231W,chondrogen,60,0.75,5,2.83038223915859
4,FN1 FNC231W,chondrogen,60,1.0,1,8.98894693779093
4,FN1 FNC231W,chondrogen,60,1.0,2,4.3132924742279
4,FN1 FNC231W,chondrogen,60,1.0,3,4.85550524430233
4,FN1 FNC231W,chondrogen,60,1.0,4,5.04781324480488
4,FN1 FNC231W,chondrogen,60,1.0,5,8.34423334011142
5,SERPINA3-KD,chondrogen,13,0.0,1,-0.0550497368753863
5,SERPINA3-KD,chondrogen,13,0.0,2,-0.450306172477439
5,SERPINA3-KD,chondrogen,13,0.0,3,-0.679579809129248
5,SERPINA3-KD,chondrogen,13,0.0,4,0.324209382631198
5,SERPINA3-KD,chondrogen,13,0.0,5,-0.528099158398454
5,SERPINA3-KD,chondrogen,13,0.05,1,-0.284150459490213
5,SERPINA3-KD,chondrogen,13,0.05,2,0.0556938180358488
5,SERPINA3-KD,chondrogen,13,0.05,3,0.396589208735984
5,SERPINA3-KD,chondrogen,13,0.05,4,0.153774114226839
5,SERPINA3-KD,chondrogen,13,0.05,5,-0.0714086641830029
5,SERPINA3-KD,chondrogen,13,0.1,1,-0.07191809286836
5,SERPINA3-KD,chondrogen,13,0.1,2,-0.472666819190405
5,SERPINA3-KD,chondrogen,13,0.1,3,-0.451032701875151
5,SERPINA3-KD,chondrogen,13,0.1,4,-0.253663345136645
5,SERPINA3-KD,chondrogen,13,0.1,5,0.549500557955979
5,SERPINA3-KD,chondrogen,13,0.2,1,0.0288117046986428
5,SERPINA3-KD,chondrogen,13,0.2,2,0.597890948012748
5,SERPINA3-KD,chondrogen,13,0.2,3,0.885747450466226
5,SERPINA3-KD,chondrogen,13,0.2,4,0.895341875480953
5,SERPINA3-KD,chondrogen,13,0.2,5,0.716582446271415
5,SERPINA3-KD,chondrogen,13,0.35,1,0.0124626544747252
5,SERPINA3-KD,chondrogen,13,0.35,2,1.90461041967153
5,SERPINA3-KD,chondrogen,13,0.35,3,0.50300351175223
5,SERPINA3-KD,chondrogen,13,0.35,4,1.01682320862988
5,SERPINA3-KD,chondrogen,13,0.35,5,0.843939074741313
5,SERPINA3-KD,chondrogen,13,0.5,1,0.329021829501877
5,SERPINA3-KD,chondrogen,13,0.5,2,0.971873991660404
5,SERPINA3-KD,chondrogen,13,0.5,3,1.53852475055635
5,SERPINA3-KD,chondrogen,13,0.5,4,1.25991635599514
5,SERPINA3-KD,chondrogen,13,0.5,5,0.922829565894119
5,SERPINA3-KD,chondrogen,13,0.75,1,2.00765200882804
5,SERPINA3-KD,chondrogen,13,0.75,2,1.83056566870317
5,SERPINA3-KD,chondrogen,13,0.75,3,1.59125372067091
5,SERPINA3-KD,chondrogen,13,0.75,4,1.98200681298194
5,SERPINA3-KD,chondrogen,13,0.75,5,1.44526088901759
5,SERPINA3-KD,chondrogen,13,1.0,1,2.89379736398265
5,SERPINA3-KD,chondrogen,13,1.0,2,2.84745772180852
5,SERPINA3-KD,chondrogen,13,1.0,3,2.10628482175796
5,SERPINA3-KD,chondrogen,13,1.0,4,1.98726550724277
5,SERPINA3-KD,chondrogen,13,1.0,5,1.99293084973306
11,RB1 +/- (GSE245585),osteogen,15,0.0,1,-1.48491003391223
11,RB1 +/- (GSE245585),osteogen,15,0.0,2,1.15733583142697
11,RB1 +/- (GSE245585),osteogen,15,0.0,3,-0.578840019649388
11,RB1 +/- (GSE245585),osteogen,15,0.0,4,-1.25988209533721
11,RB1 +/- (GSE245585),osteogen,15,0.0,5,0.137099259003706
11,RB1 +/- (GSE245585),osteogen,15,0.05,1,0.108598608704581
11,RB1 +/- (GSE245585),osteogen,15,0.05,2,0.636583988612654
11,RB1 +/- (GSE245585),osteogen,15,0.05,3,2.29957271139297
11,RB1 +/- (GSE245585),osteogen,15,0.05,4,-0.31837695718256
11,RB1 +/- (GSE245585),osteogen,15,0.05,5,0.917564806939635
11,RB1 +/- (GSE245585),osteogen,15,0.1,1,-0.529738348116796
11,RB1 +/- (GSE245585),osteogen,15,0.1,2,-1.16495026471239
11,RB1 +/- (GSE245585),osteogen,15,0.1,3,-2.23474420859577
11,RB1 +/- (GSE245585),osteogen,15,0.1,4,2.55071744819602
11,RB1 +/- (GSE245585),osteogen,15,0.1,5,0.117699508971588
11,RB1 +/- (GSE245585),osteogen,15,0.2,1,1.56713422385047
11,RB1 +/- (GSE245585),osteogen,15,0.2,2,1.29992391028873
11,RB1 +/- (GSE245585),osteogen,15,0.2,3,1.22968909225012
11,RB1 +/- (GSE245585),osteogen,15,0.2,4,1.92820607237853
11,RB1 +/- (GSE245585),osteogen,15,0.2,5,1.19935312629083
11,RB1 +/- (GSE245585),osteogen,15,0.35,1,-3.30583085131331
11,RB1 +/- (GSE245585),osteogen,15,0.35,2,2.6055136165066
11,RB1 +/- (GSE245585),osteogen,15,0.35,3,0.0642240934711025
11,RB1 +/- (GSE245585),osteogen,15,0.35,4,0.40870048473355
11,RB1 +/- (GSE245585),osteogen,15,0.35,5,2.83054281670274
11,RB1 +/- (GSE245585),osteogen,15,0.5,1,1.90204341950828
11,RB1 +/- (GSE245585),osteogen,15,0.5,2,4.6362216002714
11,RB1 +/- (GSE245585),osteogen,15,0.5,3,2.64069647582082
11,RB1 +/- (GSE245585),osteogen,15,0.5,4,4.37699562214703
11,RB1 +/- (GSE245585),osteogen,15,0.5,5,2.16412277300755
11,RB1 +/- (GSE245585),osteogen,15,0.75,1,1.09069876557304
11,RB1 +/- (GSE245585),osteogen,15,0.75,2,4.28557724779564
11,RB1 +/- (GSE245585),osteogen,15,0.75,3,0.997104320082475
11,RB1 +/- (GSE245585),osteogen,15,0.75,4,4.23194761630364
11,RB1 +/- (GSE245585),osteogen,15,0.75,5,4.42539876338369
11,RB1 +/- (GSE245585),osteogen,15,1.0,1,1.94432976780631
11,RB1 +/- (GSE245585),osteogen,15,1.0,2,5.86099384523449
11,RB1 +/- (GSE245585),osteogen,15,1.0,3,4.49620645586846
11,RB1 +/- (GSE245585),osteogen,15,1.0,4,1.61118734499146
11,RB1 +/- (GSE245585),osteogen,15,1.0,5,2.93849160618496
11,RB1 +/- (GSE245585),osteogen,30,0.0,1,-1.05087341418835
11,RB1 +/- (GSE245585),osteogen,30,0.0,2,1.12933717812023
11,RB1 +/- (GSE245585),osteogen,30,0.0,3,-1.40047790779708
11,RB1 +/- (GSE245585),osteogen,30,0.0,4,-0.0555568599080531
11,RB1 +/- (GSE245585),osteogen,30,0.0,5,-3.24815281585488
11,RB1 +/- (GSE245585),osteogen,30,0.05,1,-2.99495886242449
11,RB1 +/- (GSE245585),osteogen,30,0.05,2,1.55923462965128
11,RB1 +/- (GSE245585),osteogen,30,0.05,3,-0.116853925342671
11,RB1 +/- (GSE245585),osteogen,30,0.05,4,-0.0608688347440059
11,RB1 +/- (GSE245585),osteogen,30,0.05,5,1.92308123253954
11,RB1 +/- (GSE245585),osteogen,30,0.1,1,2.16600266933357
11,RB1 +/- (GSE245585),osteogen,30,0.1,2,0.625660519048699
11,RB1 +/- (GSE245585),osteogen,30,0.1,3,0.34121527459747
11,RB1 +/- (GSE245585),osteogen,30,0.1,4,2.47231491672868
11,RB1 +/- (GSE245585),osteogen,30,0.1,5,2.5072297161228
11,RB1 +/- (GSE245585),osteogen,30,0.2,1,1.34749691496222
11,RB1 +/- (GSE245585),osteogen,30,0.2,2,4.00038075215075
11,RB1 +/- (GSE245585),osteogen,30,0.2,3,1.34822432765823
11,RB1 +/- (GSE245585),osteogen,30,0.2,4,-0.479840932676983
11,RB1 +/- (GSE245585),osteogen,30,0.2,5,1.31476715106869
11,RB1 +/- (GSE245585),osteogen,30,0.35,1,2.24290090911117
11,RB1 +/- (GSE245585),osteogen,30,0.35,2,1.53605766583795
11,RB1 +/- (GSE245585),osteogen,30,0.35,3,3.28638001076879
11,RB1 +/- (GSE245585),osteogen,30,0.35,4,5.41648195983107
11,RB1 +/- (GSE245585),osteogen,30,0.35,5,0.788634568081046
11,RB1 +/- (GSE245585),osteogen,30,0.5,1,3.37937525128315
11,RB1 +/- (GSE245585),osteogen,30,0.5,2,3.00781361134753
11,RB1 +/- (GSE245585),osteogen,30,0.5,3,3.44382262513959
11,RB1 +/- (GSE245585),osteogen,30,0.5,4,3.19927929395207
11,RB1 +/- (GSE245585),osteogen,30,0.5,5,2.47438476627982
11,RB1 +/- (GSE245585),osteogen,30,0.75,1,7.67742352289597
11,RB1 +/- (GSE245585),osteogen,30,0.75,2,4.56831979416231
11,RB1 +/- (GSE245585),osteogen,30,0.75,3,7.00750499298131
11,RB1 +/- (GSE245585),osteogen,30,0.75,4,4.29906658830402
11,RB1 +/- (GSE245585),osteogen,30,0.75,5,2.99237635844654
11,RB1 +/- (GSE245585),osteogen,30,1.0,1,5.78475806570982
11,RB1 +/- (GSE245585),osteogen,30,1.0,2,6.86905565706957
11,RB1 +/- (GSE245585),osteogen,30,1.0,3,6.34759967037874
11,RB1 +/- (GSE245585),osteogen,30,1.0,4,8.4187530230507
11,RB1 +/- (GSE245585),osteogen,30,1.0,5,8.31723441841142
11,RB1 +/- (GSE245585),osteogen,60,0.0,1,3.29074776564765
11,RB1 +/- (GSE245585),osteogen,60,0.0,2,1.93902227148692
11,RB1 +/- (GSE245585),osteogen,60,0.0,3,1.54904813518335
11,RB1 +/- (GSE245585),osteogen,60,0.0,4,3.22416685209968
11,RB1 +/- (GSE245585),osteogen,60,0.0,5,1.299463240313
11,RB1 +/- (GSE245585),osteogen,60,0.05,1,0.686413775707283
11,RB1 +/- (GSE245585),osteogen,60,0.05,2,-0.799914406681711
11,RB1 +/- (GSE245585),osteogen,60,0.05,3,0.289150401864703
11,RB1 +/- (GSE245585),osteogen,60,0.05,4,1.08113854262524
11,RB1 +/- (GSE245585),osteogen,60,0.05,5,0.303057023219137
11,RB1 +/- (GSE245585),osteogen,60,0.1,1,0.246792959896587
11,RB1 +/- (GSE245585),osteogen,60,0.1,2,0.0652952552424815
11,RB1 +/- (GSE245585),osteogen,60,0.1,3,-0.0854513493075193
11,RB1 +/- (GSE245585),osteogen,60,0.1,4,1.05272879944906
11,RB1 +/- (GSE245585),osteogen,60,0.1,5,0.214654147402018
11,RB1 +/- (GSE245585),osteogen,60,0.2,1,0.767674706735368
11,RB1 +/- (GSE245585),osteogen,60,0.2,2,-1.76161021884003
11,RB1 +/- (GSE245585),osteogen,60,0.2,3,2.72636392807577
11,RB1 +/- (GSE245585),osteogen,60,0.2,4,-0.257997678832537
11,RB1 +/- (GSE245585),osteogen,60,0.2,5,4.25605008686419
11,RB1 +/- (GSE245585),osteogen,60,0.35,1,4.76525304091725
11,RB1 +/- (GSE245585),osteogen,60,0.35,2,6.13994398572089
11,RB1 +/- (GSE245585),osteogen,60,0.35,3,0.755616651335043
11,RB1 +/- (GSE245585),osteogen,60,0.35,4,4.01269653847719
11,RB1 +/- (GSE245585),osteogen,60,0.35,5,3.5078904740565
11,RB1 +/- (GSE245585),osteogen,60,0.5,1,8.3459785082215
11,RB1 +/- (GSE245585),osteogen,60,0.5,2,5.13672876899083
11,RB1 +/- (GSE245585),osteogen,60,0.5,3,6.25143363503113
11,RB1 +/- (GSE245585),osteogen,60,0.5,4,5.83694562723296
11,RB1 +/- (GSE245585),osteogen,60,0.5,5,6.7125450166193
11,RB1 +/- (GSE245585),osteogen,60,0.75,1,6.93768235626475
11,RB1 +/- (GSE245585),osteogen,60,0.75,2,8.09604776501004
11,RB1 +/- (GSE245585),osteogen,60,0.75,3,4.94805091963566
11,RB1 +/- (GSE245585),osteogen,60,0.75,4,6.76314604671514
11,RB1 +/- (GSE245585),osteogen,60,0.75,5,6.60537879611983
11,RB1 +/- (GSE245585),osteogen,60,1.0,1,8.15591477302152
11,RB1 +/- (GSE245585),osteogen,60,1.0,2,10.1412638860918
11,RB1 +/- (GSE245585),osteogen,60,1.0,3,11.5984794842817
11,RB1 +/- (GSE245585),osteogen,60,1.0,4,11.0958451943482
11,RB1 +/- (GSE245585),osteogen,60,1.0,5,9.22565808569687
13,SERPINA3-KD osteo (GSE247528),osteogen,8,0.0,1,1.06891308022582
13,SERPINA3-KD osteo (GSE247528),osteogen,8,0.0,2,-0.070777577471526
13,SERPINA3-KD osteo (GSE247528),osteogen,8,0.0,3,-0.754124978512204
13,SERPINA3-KD osteo (GSE247528),osteogen,8,0.0,4,-0.0651937225012836
13,SERPINA3-KD osteo (GSE247528),osteogen,8,0.0,5,-0.324555799635251
13,SERPINA3-KD osteo (GSE247528),osteogen,8,0.05,1,-1.1628270880186
13,SERPINA3-KD osteo (GSE247528),osteogen,8,0.05,2,0.387027224684659
13,SERPINA3-KD osteo (GSE247528),osteogen,8,0.05,3,-0.179939210982614
13,SERPINA3-KD osteo (GSE247528),osteogen,8,0.05,4,0.272122692454383
13,SERPINA3-KD osteo (GSE247528),osteogen,8,0.05,5,-0.810748559796372
13,SERPINA3-KD osteo (GSE247528),osteogen,8,0.1,1,0.657066215895777
13,SERPINA3-KD osteo (GSE247528),osteogen,8,0.1,2,-0.468154617851167
13,SERPINA3-KD osteo (GSE247528),osteogen,8,0.1,3,0.207000692513509
13,SERPINA3-KD osteo (GSE247528),osteogen,8,0.1,4,0.036115840279259
13,SERPINA3-KD osteo (GSE247528),osteogen,8,0.1,5,-0.765001388408998
13,SERPINA3-KD osteo (GSE247528),osteogen,8,0.2,1,0.524418788555271
13,SERPINA3-KD osteo (GSE247528),osteogen,8,0.2,2,-0.23060847467135
13,SERPINA3-KD osteo (GSE247528),osteogen,8,0.2,3,-0.196933158932813
13,SERPINA3-KD osteo (GSE247528),osteogen,8,0.2,4,0.799367187159061
13,SERPINA3-KD osteo (GSE247528),osteogen,8,0.2,5,-1.3640548516373
13,SERPINA3-KD osteo (GSE247528),osteogen,8,0.35,1,1.65278389966277
13,SERPINA3-KD osteo (GSE247528),osteogen,8,0.35,2,0.538753097769804
13,SERPINA3-KD osteo (GSE247528),osteogen,8,0.35,3,0.375212053720632
13,SERPINA3-KD osteo (GSE247528),osteogen,8,0.35,4,0.193930665638707
13,SERPINA3-KD osteo (GSE247528),osteogen,8,0.35,5,2.105629149263
13,SERPINA3-KD osteo (GSE247528),osteogen,8,0.5,1,1.30221704030538
13,SERPINA3-KD osteo (GSE247528),osteogen,8,0.5,2,1.6829212960398
13,SERPINA3-KD osteo (GSE247528),osteogen,8,0.5,3,2.83015705315837
13,SERPINA3-KD osteo (GSE247528),osteogen,8,0.5,4,1.92167591153231
13,SERPINA3-KD osteo (GSE247528),osteogen,8,0.5,5,0.622233528870787
13,SERPINA3-KD osteo (GSE247528),osteogen,8,0.75,1,1.27598426047286
13,SERPINA3-KD osteo (GSE247528),osteogen,8,0.75,2,1.1231296893656
13,SERPINA3-KD osteo (GSE247528),osteogen,8,0.75,3,0.524840050544605
13,SERPINA3-KD osteo (GSE247528),osteogen,8,0.75,4,1.98918941643793
13,SERPINA3-KD osteo (GSE247528),osteogen,8,0.75,5,1.69632653497007
13,SERPINA3-KD osteo (GSE247528),osteogen,8,1.0,1,3.01917604273135
13,SERPINA3-KD osteo (GSE247528),osteogen,8,1.0,2,2.48432440561452
13,SERPINA3-KD osteo (GSE247528),osteogen,8,1.0,3,2.21954331959187
13,SERPINA3-KD osteo (GSE247528),osteogen,8,1.0,4,1.42096111131229
13,SERPINA3-KD osteo (GSE247528),osteogen,8,1.0,5,2.21898895027361
14,ERCC6L2-KD (GSE190542),osteogen,15,0.0,1,0.0853785070193491
14,ERCC6L2-KD (GSE190542),osteogen,15,0.0,2,0.363083104734903
14,ERCC6L2-KD (GSE190542),osteogen,15,0.0,3,1.61283950446834
14,ERCC6L2-KD (GSE190542),osteogen,15,0.0,4,-0.313350987438775
14,ERCC6L2-KD (GSE190542),osteogen,15,0.0,5,0.720968216734983
14,ERCC6L2-KD (GSE190542),osteogen,15,0.05,1,0.606555365359834
14,ERCC6L2-KD (GSE190542),osteogen,15,0.05,2,-0.483291398814096
14,ERCC6L2-KD (GSE190542),osteogen,15,0.05,3,0.01691975196071
14,ERCC6L2-KD (GSE190542),osteogen,15,0.05,4,0.582881680188431
14,ERCC6L2-KD (GSE190542),osteogen,15,0.05,5,-0.0208373074734643
14,ERCC6L2-KD (GSE190542),osteogen,15,0.1,1,1.27490743392847
14,ERCC6L2-KD (GSE190542),osteogen,15,0.1,2,2.5870452334912
14,ERCC6L2-KD (GSE190542),osteogen,15,0.1,3,-0.582667661269761
14,ERCC6L2-KD (GSE190542),osteogen,15,0.1,4,1.63462348245638
14,ERCC6L2-KD (GSE190542),osteogen,15,0.1,5,-0.397383724781114
14,ERCC6L2-KD (GSE190542),osteogen,15,0.2,1,-0.889529940781343
14,ERCC6L2-KD (GSE190542),osteogen,15,0.2,2,0.726147003331202
14,ERCC6L2-KD (GSE190542),osteogen,15,0.2,3,-0.0253500870719004
14,ERCC6L2-KD (GSE190542),osteogen,15,0.2,4,0.962274019353525
14,ERCC6L2-KD (GSE190542),osteogen,15,0.2,5,0.673010355226196
14,ERCC6L2-KD (GSE190542),osteogen,15,0.35,1,2.09043595834126
14,ERCC6L2-KD (GSE190542),osteogen,15,0.35,2,0.485189169658119
14,ERCC6L2-KD (GSE190542),osteogen,15,0.35,3,1.18951083886405
14,ERCC6L2-KD (GSE190542),osteogen,15,0.35,4,0.220547925003505
14,ERCC6L2-KD (GSE190542),osteogen,15,0.35,5,0.906455772658382
14,ERCC6L2-KD (GSE190542),osteogen,15,0.5,1,3.4301254515207
14,ERCC6L2-KD (GSE190542),osteogen,15,0.5,2,1.02624012318049
14,ERCC6L2-KD (GSE190542),osteogen,15,0.5,3,0.738348977642295
14,ERCC6L2-KD (GSE190542),osteogen,15,0.5,4,0.457355094386449
14,ERCC6L2-KD (GSE190542),osteogen,15,0.5,5,1.84884579013789
14,ERCC6L2-KD (GSE190542),osteogen,15,0.75,1,2.16414741877581
14,ERCC6L2-KD (GSE190542),osteogen,15,0.75,2,1.83460099268668
14,ERCC6L2-KD (GSE190542),osteogen,15,0.75,3,2.07200243931124
14,ERCC6L2-KD (GSE190542),osteogen,15,0.75,4,2.28595022838653
14,ERCC6L2-KD (GSE190542),osteogen,15,0.75,5,3.54377376717198
14,ERCC6L2-KD (GSE190542),osteogen,15,1.0,1,5.32334624637415
14,ERCC6L2-KD (GSE190542),osteogen,15,1.0,2,1.27607515666063
14,ERCC6L2-KD (GSE190542),osteogen,15,1.0,3,1.98349418275451
14,ERCC6L2-KD (GSE190542),osteogen,15,1.0,4,3.39893386839736
14,ERCC6L2-KD (GSE190542),osteogen,15,1.0,5,6.0200816441549
14,ERCC6L2-KD (GSE190542),osteogen,30,0.0,1,1.23141332064357
14,ERCC6L2-KD (GSE190542),osteogen,30,0.0,2,0.498329408781652
14,ERCC6L2-KD (GSE190542),osteogen,30,0.0,3,1.26445347103642
14,ERCC6L2-KD (GSE190542),osteogen,30,0.0,4,0.339066464759389
14,ERCC6L2-KD (GSE190542),osteogen,30,0.0,5,0.131382161435498
14,ERCC6L2-KD (GSE190542),osteogen,30,0.05,1,1.39872534517401
14,ERCC6L2-KD (GSE190542),osteogen,30,0.05,2,-0.977454211270345
14,ERCC6L2-KD (GSE190542),osteogen,30,0.05,3,-0.681477748017194
14,ERCC6L2-KD (GSE190542),osteogen,30,0.05,4,-1.17622975573905
14,ERCC6L2-KD (GSE190542),osteogen,30,0.05,5,-0.465829254069062
14,ERCC6L2-KD (GSE190542),osteogen,30,0.1,1,-0.310276547418596
14,ERCC6L2-KD (GSE190542),osteogen,30,0.1,2,-0.920099367239355
14,ERCC6L2-KD (GSE190542),osteogen,30,0.1,3,-0.780946942524255
14,ERCC6L2-KD (GSE190542),osteogen,30,0.1,4,-0.827323449048781
14,ERCC6L2-KD (GSE190542),osteogen,30,0.1,5,-0.0880810725996798
14,ERCC6L2-KD (GSE190542),osteogen,30,0.2,1,0.690012776160499
14,ERCC6L2-KD (GSE190542),osteogen,30,0.2,2,2.30244704430167
14,ERCC6L2-KD (GSE190542),osteogen,30,0.2,3,0.555633274523877
14,ERCC6L2-KD (GSE190542),osteogen,30,0.2,4,0.980960998679095
14,ERCC6L2-KD (GSE190542),osteogen,30,0.2,5,0.003738918689993
14,ERCC6L2-KD (GSE190542),osteogen,30,0.35,1,1.5728232860354
14,ERCC6L2-KD (GSE190542),osteogen,30,0.35,2,3.22597920097646
14,ERCC6L2-KD (GSE190542),osteogen,30,0.35,3,1.00349479870586
14,ERCC6L2-KD (GSE190542),osteogen,30,0.35,4,1.13813322108127
14,ERCC6L2-KD (GSE190542),osteogen,30,0.35,5,2.39966439476758
14,ERCC6L2-KD (GSE190542),osteogen,30,0.5,1,3.89510870491977
14,ERCC6L2-KD (GSE190542),osteogen,30,0.5,2,1.98207440046309
14,ERCC6L2-KD (GSE190542),osteogen,30,0.5,3,0.868134827438897
14,ERCC6L2-KD (GSE190542),osteogen,30,0.5,4,0.555430562693239
14,ERCC6L2-KD (GSE190542),osteogen,30,0.5,5,1.7372946317965
14,ERCC6L2-KD (GSE190542),osteogen,30,0.75,1,3.28147174362653
14,ERCC6L2-KD (GSE190542),osteogen,30,0.75,2,1.87344729690861
14,ERCC6L2-KD (GSE190542),osteogen,30,0.75,3,3.00216759092258
14,ERCC6L2-KD (GSE190542),osteogen,30,0.75,4,2.99630629360195
14,ERCC6L2-KD (GSE190542),osteogen,30,0.75,5,4.20354575411585
14,ERCC6L2-KD (GSE190542),osteogen,30,1.0,1,3.28893196337089
14,ERCC6L2-KD (GSE190542),osteogen,30,1.0,2,6.21107405956092
14,ERCC6L2-KD (GSE190542),osteogen,30,1.0,3,3.50087146192724
14,ERCC6L2-KD (GSE190542),osteogen,30,1.0,4,4.43063072013113
14,ERCC6L2-KD (GSE190542),osteogen,30,1.0,5,2.49115577700922
14,ERCC6L2-KD (GSE190542),osteogen,59,0.0,1,1.00083974088991
14,ERCC6L2-KD (GSE190542),osteogen,59,0.0,2,-0.529132674633808
14,ERCC6L2-KD (GSE190542),osteogen,59,0.0,3,-0.371198461841389
14,ERCC6L2-KD (GSE190542),osteogen,59,0.0,4,-0.175841983520716
14,ERCC6L2-KD (GSE190542),osteogen,59,0.0,5,0.763623197250495
14,ERCC6L2-KD (GSE190542),osteogen,59,0.05,1,0.955077403371524
14,ERCC6L2-KD (GSE190542),osteogen,59,0.05,2,-0.793955686662823
14,ERCC6L2-KD (GSE190542),osteogen,59,0.05,3,0.834361662183166
14,ERCC6L2-KD (GSE190542),osteogen,59,0.05,4,1.2627224354175
14,ERCC6L2-KD (GSE190542),osteogen,59,0.05,5,0.159188547620969
14,ERCC6L2-KD (GSE190542),osteogen,59,0.1,1,1.05641422807979
14,ERCC6L2-KD (GSE190542),osteogen,59,0.1,2,2.28731759232121
14,ERCC6L2-KD (GSE190542),osteogen,59,0.1,3,1.1011815245003
14,ERCC6L2-KD (GSE190542),osteogen,59,0.1,4,0.663571143193765
14,ERCC6L2-KD (GSE190542),osteogen,59,0.1,5,0.857159461797735
14,ERCC6L2-KD (GSE190542),osteogen,59,0.2,1,2.43621967034543
14,ERCC6L2-KD (GSE190542),osteogen,59,0.2,2,-0.464622787989346
14,ERCC6L2-KD (GSE190542),osteogen,59,0.2,3,0.213252147196955
14,ERCC6L2-KD (GSE190542),osteogen,59,0.2,4,-0.172271872898998
14,ERCC6L2-KD (GSE190542),osteogen,59,0.2,5,1.73277950705619
14,ERCC6L2-KD (GSE190542),osteogen,59,0.35,1,1.37384366520613
14,ERCC6L2-KD (GSE190542),osteogen,59,0.35,2,2.40709344821919
14,ERCC6L2-KD (GSE190542),osteogen,59,0.35,3,-0.217048445606456
14,ERCC6L2-KD (GSE190542),osteogen,59,0.35,4,2.05531028484186
14,ERCC6L2-KD (GSE190542),osteogen,59,0.35,5,1.62189712087035
14,ERCC6L2-KD (GSE190542),osteogen,59,0.5,1,1.99858088673214
14,ERCC6L2-KD (GSE190542),osteogen,59,0.5,2,4.31080347965562
14,ERCC6L2-KD (GSE190542),osteogen,59,0.5,3,1.20454883443533
14,ERCC6L2-KD (GSE190542),osteogen,59,0.5,4,2.41470256501101
14,ERCC6L2-KD (GSE190542),osteogen,59,0.5,5,1.48193033185294
14,ERCC6L2-KD (GSE190542),osteogen,59,0.75,1,4.1929879228402
14,ERCC6L2-KD (GSE190542),osteogen,59,0.75,2,3.30567424453989
14,ERCC6L2-KD (GSE190542),osteogen,59,0.75,3,3.14140049524439
14,ERCC6L2-KD (GSE190542),osteogen,59,0.75,4,3.95114080335832
14,ERCC6L2-KD (GSE190542),osteogen,59,0.75,5,4.42700690783223
14,ERCC6L2-KD (GSE190542),osteogen,59,1.0,1,6.03770359256097
14,ERCC6L2-KD (GSE190542),osteogen,59,1.0,2,5.77843298768602
14,ERCC6L2-KD (GSE190542),osteogen,59,1.0,3,5.15979412648959
14,ERCC6L2-KD (GSE190542),osteogen,59,1.0,4,6.85208944669109
14,ERCC6L2-KD (GSE190542),osteogen,59,1.0,5,3.98383121187288
15,TP53 LFS (GSE102732),osteogen,15,0.0,1,0.0232820446127301
15,TP53 LFS (GSE102732),osteogen,15,0.0,2,0.657648598330089
15,TP53 LFS (GSE102732),osteogen,15,0.0,3,0.397354329244882
15,TP53 LFS (GSE102732),osteogen,15,0.0,4,1.80044112083585
15,TP53 LFS (GSE102732),osteogen,15,0.0,5,0.211668808045688
15,TP53 LFS (GSE102732),osteogen,15,0.05,1,-0.0218042378954134
15,TP53 LFS (GSE102732),osteogen,15,0.05,2,0.276964913712074
15,TP53 LFS (GSE102732),osteogen,15,0.05,3,-0.774347505244168
15,TP53 LFS (GSE102732),osteogen,15,0.05,4,-0.316983171923691
15,TP53 LFS (GSE102732),osteogen,15,0.05,5,0.508087080841791
15,TP53 LFS (GSE102732),osteogen,15,0.1,1,0.123593676639154
15,TP53 LFS (GSE102732),osteogen,15,0.1,2,0.995512689777631
15,TP53 LFS (GSE102732),osteogen,15,0.1,3,1.68950740439139
15,TP53 LFS (GSE102732),osteogen,15,0.1,4,0.357809211317341
15,TP53 LFS (GSE102732),osteogen,15,0.1,5,0.601626512639103
15,TP53 LFS (GSE102732),osteogen,15,0.2,1,-0.258919947059714
15,TP53 LFS (GSE102732),osteogen,15,0.2,2,1.74428347172554
15,TP53 LFS (GSE102732),osteogen,15,0.2,3,0.712243177872185
15,TP53 LFS (GSE102732),osteogen,15,0.2,4,0.573783350008972
15,TP53 LFS (GSE102732),osteogen,15,0.2,5,0.849163006997134
15,TP53 LFS (GSE102732),osteogen,15,0.35,1,2.02030600698331
15,TP53 LFS (GSE102732),osteogen,15,0.35,2,0.88086010825494
15,TP53 LFS (GSE102732),osteogen,15,0.35,3,1.79319801505283
15,TP53 LFS (GSE102732),osteogen,15,0.35,4,0.843339174839195
15,TP53 LFS (GSE102732),osteogen,15,0.35,5,1.46231784292464
15,TP53 LFS (GSE102732),osteogen,15,0.5,1,0.721924176711112
15,TP53 LFS (GSE102732),osteogen,15,0.5,2,0.132295008311464
15,TP53 LFS (GSE102732),osteogen,15,0.5,3,1.41603848503534
15,TP53 LFS (GSE102732),osteogen,15,0.5,4,3.95877843084421
15,TP53 LFS (GSE102732),osteogen,15,0.5,5,1.24435064912847
15,TP53 LFS (GSE102732),osteogen,15,0.75,1,4.26599540004871
15,TP53 LFS (GSE102732),osteogen,15,0.75,2,3.25535371325861
15,TP53 LFS (GSE102732),osteogen,15,0.75,3,3.90781201564073
15,TP53 LFS (GSE102732),osteogen,15,0.75,4,2.17450277873024
15,TP53 LFS (GSE102732),osteogen,15,0.75,5,2.69785905021801
15,TP53 LFS (GSE102732),osteogen,15,1.0,1,2.57996178199558
15,TP53 LFS (GSE102732),osteogen,15,1.0,2,2.44186918386848
15,TP53 LFS (GSE102732),osteogen,15,1.0,3,4.05550718713245
15,TP53 LFS (GSE102732),osteogen,15,1.0,4,3.29867341139261
15,TP53 LFS (GSE102732),osteogen,15,1.0,5,4.68860573370266
15,TP53 LFS (GSE102732),osteogen,30,0.0,1,-1.77904383914412
15,TP53 LFS (GSE102732),osteogen,30,0.0,2,0.386550380763503
15,TP53 LFS (GSE102732),osteogen,30,0.0,3,0.488949699358688
15,TP53 LFS (GSE102732),osteogen,30,0.0,4,-0.435545998398909
15,TP53 LFS (GSE102732),osteogen,30,0.0,5,0.923598152779087
15,TP53 LFS (GSE102732),osteogen,30,0.05,1,-0.345398022532432
15,TP53 LFS (GSE102732),osteogen,30,0.05,2,0.155079017783342
15,TP53 LFS (GSE102732),osteogen,30,0.05,3,-0.47167123615844
15,TP53 LFS (GSE102732),osteogen,30,0.05,4,1.14985633021421
15,TP53 LFS (GSE102732),osteogen,30,0.05,5,-1.3436989187337
15,TP53 LFS (GSE102732),osteogen,30,0.1,1,2.02297549073958
15,TP53 LFS (GSE102732),osteogen,30,0.1,2,-0.385642523291814
15,TP53 LFS (GSE102732),osteogen,30,0.1,3,0.357581540872645
15,TP53 LFS (GSE102732),osteogen,30,0.1,4,-0.172878971058368
15,TP53 LFS (GSE102732),osteogen,30,0.1,5,-1.33129344930179
15,TP53 LFS (GSE102732),osteogen,30,0.2,1,0.140280227249027
15,TP53 LFS (GSE102732),osteogen,30,0.2,2,2.49305312938559
15,TP53 LFS (GSE102732),osteogen,30,0.2,3,1.46577964927683
15,TP53 LFS (GSE102732),osteogen,30,0.2,4,1.00221096108604
15,TP53 LFS (GSE102732),osteogen,30,0.2,5,-0.742073047721366
15,TP53 LFS (GSE102732),osteogen,30,0.35,1,1.11875211980716
15,TP53 LFS (GSE102732),osteogen,30,0.35,2,0.727248296348368
15,TP53 LFS (GSE102732),osteogen,30,0.35,3,3.73597576304826
15,TP53 LFS (GSE102732),osteogen,30,0.35,4,1.02643184223785
15,TP53 LFS (GSE102732),osteogen,30,0.35,5,3.56255336244746
15,TP53 LFS (GSE102732),osteogen,30,0.5,1,2.30990419911789
15,TP53 LFS (GSE102732),osteogen,30,0.5,2,2.21215910221703
15,TP53 LFS (GSE102732),osteogen,30,0.5,3,3.77219926537242
15,TP53 LFS (GSE102732),osteogen,30,0.5,4,1.54587666289274
15,TP53 LFS (GSE102732),osteogen,30,0.5,5,3.35198673331761
15,TP53 LFS (GSE102732),osteogen,30,0.75,1,3.78002948033706
15,TP53 LFS (GSE102732),osteogen,30,0.75,2,3.64676797740096
15,TP53 LFS (GSE102732),osteogen,30,0.75,3,5.95427181059103
15,TP53 LFS (GSE102732),osteogen,30,0.75,4,3.43929943476753
15,TP53 LFS (GSE102732),osteogen,30,0.75,5,6.76471258617861
15,TP53 LFS (GSE102732),osteogen,30,1.0,1,6.82741348571082
15,TP53 LFS (GSE102732),osteogen,30,1.0,2,5.43339822203479
15,TP53 LFS (GSE102732),osteogen,30,1.0,3,5.14675636422138
15,TP53 LFS (GSE102732),osteogen,30,1.0,4,4.48405493268054
15,TP53 LFS (GSE102732),osteogen,30,1.0,5,4.32300473958446
15,TP53 LFS (GSE102732),osteogen,60,0.0,1,0.0485590685458014
15,TP53 LFS (GSE102732),osteogen,60,0.0,2,-0.537214692805182
15,TP53 LFS (GSE102732),osteogen,60,0.0,3,0.356579306956724
15,TP53 LFS (GSE102732),osteogen,60,0.0,4,-0.698796000128437
15,TP53 LFS (GSE102732),osteogen,60,0.0,5,0.229570927505695
15,TP53 LFS (GSE102732),osteogen,60,0.05,1,0.120255336354755
15,TP53 LFS (GSE102732),osteogen,60,0.05,2,1.09836719399467
15,TP53 LFS (GSE102732),osteogen,60,0.05,3,0.106303038081728
15,TP53 LFS (GSE102732),osteogen,60,0.05,4,-1.83799707184303
15,TP53 LFS (GSE102732),osteogen,60,0.05,5,0.875161972234047
15,TP53 LFS (GSE102732),osteogen,60,0.1,1,0.52231075988613
15,TP53 LFS (GSE102732),osteogen,60,0.1,2,1.84827774424294
15,TP53 LFS (GSE102732),osteogen,60,0.1,3,1.24027595344185
15,TP53 LFS (GSE102732),osteogen,60,0.1,4,0.808319888750037
15,TP53 LFS (GSE102732),osteogen,60,0.1,5,-0.129158713058488
15,TP53 LFS (GSE102732),osteogen,60,0.2,1,1.18109280412295
15,TP53 LFS (GSE102732),osteogen,60,0.2,2,1.26752194891072
15,TP53 LFS (GSE102732),osteogen,60,0.2,3,2.4161637012129
15,TP53 LFS (GSE102732),osteogen,60,0.2,4,1.23197314350261
15,TP53 LFS (GSE102732),osteogen,60,0.2,5,0.9586400949292
15,TP53 LFS (GSE102732),osteogen,60,0.35,1,5.05901345458598
15,TP53 LFS (GSE102732),osteogen,60,0.35,2,3.27499637805038
15,TP53 LFS (GSE102732),osteogen,60,0.35,3,2.10359394098157
15,TP53 LFS (GSE102732),osteogen,60,0.35,4,2.56810209296866
15,TP53 LFS (GSE102732),osteogen,60,0.35,5,2.6615148728991
15,TP53 LFS (GSE102732),osteogen,60,0.5,1,3.75669806190576
15,TP53 LFS (GSE102732),osteogen,60,0.5,2,3.49660705679478
15,TP53 LFS (GSE102732),osteogen,60,0.5,3,4.72016173677943
15,TP53 LFS (GSE102732),osteogen,60,0.5,4,3.68833988165183
15,TP53 LFS (GSE102732),osteogen,60,0.5,5,3.79647929802376
15,TP53 LFS (GSE102732),osteogen,60,0.75,1,6.86655618674055
15,TP53 LFS (GSE102732),osteogen,60,0.75,2,7.41602863131951
15,TP53 LFS (GSE102732),osteogen,60,0.75,3,5.64893159733571
15,TP53 LFS (GSE102732),osteogen,60,0.75,4,4.97143119926618
15,TP53 LFS (GSE102732),osteogen,60,0.75,5,5.76190585050433
15,TP53 LFS (GSE102732),osteogen,60,1.0,1,5.30293324929355
15,TP53 LFS (GSE102732),osteogen,60,1.0,2,8.58107073761001
15,TP53 LFS (GSE102732),osteogen,60,1.0,3,7.33768570593827
15,TP53 LFS (GSE102732),osteogen,60,1.0,4,7.88573813311968
15,TP53 LFS (GSE102732),osteogen,60,1.0,5,6.16588915170947
17,RB1-mut isogen (GSE145235),osteogen,15,0.0,1,-1.03042186390728
17,RB1-mut isogen (GSE145235),osteogen,15,0.0,2,1.10970042241265
17,RB1-mut isogen (GSE145235),osteogen,15,0.0,3,-0.568483766090563
17,RB1-mut isogen (GSE145235),osteogen,15,0.0,4,-0.0852275132015452
17,RB1-mut isogen (GSE145235),osteogen,15,0.0,5,1.40889793202719
17,RB1-mut isogen (GSE145235),osteogen,15,0.05,1,1.21566661153779
17,RB1-mut isogen (GSE145235),osteogen,15,0.05,2,1.9690471601039
17,RB1-mut isogen (GSE145235),osteogen,15,0.05,3,0.931314755647409
17,RB1-mut isogen (GSE145235),osteogen,15,0.05,4,-0.748304210658214
17,RB1-mut isogen (GSE145235),osteogen,15,0.05,5,0.834260234605408
17,RB1-mut isogen (GSE145235),osteogen,15,0.1,1,0.868631942803497
17,RB1-mut isogen (GSE145235),osteogen,15,0.1,2,0.750677795730638
17,RB1-mut isogen (GSE145235),osteogen,15,0.1,3,-0.288798537605462
17,RB1-mut isogen (GSE145235),osteogen,15,0.1,4,2.23718357021516
17,RB1-mut isogen (GSE145235),osteogen,15,0.1,5,0.19902450366512
17,RB1-mut isogen (GSE145235),osteogen,15,0.2,1,2.12518882313742
17,RB1-mut isogen (GSE145235),osteogen,15,0.2,2,1.28430106713079
17,RB1-mut isogen (GSE145235),osteogen,15,0.2,3,-0.885342757960825
17,RB1-mut isogen (GSE145235),osteogen,15,0.2,4,1.71214044294
17,RB1-mut isogen (GSE145235),osteogen,15,0.2,5,0.642575894529143
17,RB1-mut isogen (GSE145235),osteogen,15,0.35,1,-0.371571968863492
17,RB1-mut isogen (GSE145235),osteogen,15,0.35,2,0.544894264052657
17,RB1-mut isogen (GSE145235),osteogen,15,0.35,3,0.83606353911732
17,RB1-mut isogen (GSE145235),osteogen,15,0.35,4,2.02674454670549
17,RB1-mut isogen (GSE145235),osteogen,15,0.35,5,-0.484260793203767
17,RB1-mut isogen (GSE145235),osteogen,15,0.5,1,1.5465972955388
17,RB1-mut isogen (GSE145235),osteogen,15,0.5,2,2.80333922463383
17,RB1-mut isogen (GSE145235),osteogen,15,0.5,3,3.06800519754218
17,RB1-mut isogen (GSE145235),osteogen,15,0.5,4,4.00020401521457
17,RB1-mut isogen (GSE145235),osteogen,15,0.5,5,1.14263800363707
17,RB1-mut isogen (GSE145235),osteogen,15,0.75,1,0.985458682351922
17,RB1-mut isogen (GSE145235),osteogen,15,0.75,2,2.28724474328165
17,RB1-mut isogen (GSE145235),osteogen,15,0.75,3,2.6860204705023
17,RB1-mut isogen (GSE145235),osteogen,15,0.75,4,3.24211352260046
17,RB1-mut isogen (GSE145235),osteogen,15,0.75,5,2.27511022570364
17,RB1-mut isogen (GSE145235),osteogen,15,1.0,1,3.10834720258609
17,RB1-mut isogen (GSE145235),osteogen,15,1.0,2,2.75604238252947
17,RB1-mut isogen (GSE145235),osteogen,15,1.0,3,4.18781565381922
17,RB1-mut isogen (GSE145235),osteogen,15,1.0,4,3.24154456376929
17,RB1-mut isogen (GSE145235),osteogen,15,1.0,5,3.2605283375754
17,RB1-mut isogen (GSE145235),osteogen,30,0.0,1,1.55954306556337
17,RB1-mut isogen (GSE145235),osteogen,30,0.0,2,0.208635897209405
17,RB1-mut isogen (GSE145235),osteogen,30,0.0,3,0.631808855928831
17,RB1-mut isogen (GSE145235),osteogen,30,0.0,4,-0.550848214860627
17,RB1-mut isogen (GSE145235),osteogen,30,0.0,5,0.811899025256758
17,RB1-mut isogen (GSE145235),osteogen,30,0.05,1,0.728662162550998
17,RB1-mut isogen (GSE145235),osteogen,30,0.05,2,1.06409469958424
17,RB1-mut isogen (GSE145235),osteogen,30,0.05,3,0.954047372829775
17,RB1-mut isogen (GSE145235),osteogen,30,0.05,4,0.718021318957296
17,RB1-mut isogen (GSE145235),osteogen,30,0.05,5,1.30322038236958
17,RB1-mut isogen (GSE145235),osteogen,30,0.1,1,1.19978402763481
17,RB1-mut isogen (GSE145235),osteogen,30,0.1,2,0.914060702704389
17,RB1-mut isogen (GSE145235),osteogen,30,0.1,3,1.26162656004161
17,RB1-mut isogen (GSE145235),osteogen,30,0.1,4,0.995017501900276
17,RB1-mut isogen (GSE145235),osteogen,30,0.1,5,0.908626146189654
17,RB1-mut isogen (GSE145235),osteogen,30,0.2,1,1.32698353616171
17,RB1-mut isogen (GSE145235),osteogen,30,0.2,2,2.34054396591069
17,RB1-mut isogen (GSE145235),osteogen,30,0.2,3,1.08997005544293
17,RB1-mut isogen (GSE145235),osteogen,30,0.2,4,1.26554770636045
17,RB1-mut isogen (GSE145235),osteogen,30,0.2,5,0.659286689019101
17,RB1-mut isogen (GSE145235),osteogen,30,0.35,1,2.08519513863687
17,RB1-mut isogen (GSE145235),osteogen,30,0.35,2,2.22892274239914
17,RB1-mut isogen (GSE145235),osteogen,30,0.35,3,1.49392581303712
17,RB1-mut isogen (GSE145235),osteogen,30,0.35,4,0.550399319695484
17,RB1-mut isogen (GSE145235),osteogen,30,0.35,5,0.813548043550779
17,RB1-mut isogen (GSE145235),osteogen,30,0.5,1,1.26360777066905
17,RB1-mut isogen (GSE145235),osteogen,30,0.5,2,2.56114351114845
17,RB1-mut isogen (GSE145235),osteogen,30,0.5,3,1.6868566881952
17,RB1-mut isogen (GSE145235),osteogen,30,0.5,4,2.69405502363075
17,RB1-mut isogen (GSE145235),osteogen,30,0.5,5,0.3446142695138
17,RB1-mut isogen (GSE145235),osteogen,30,0.75,1,4.4826330647921
17,RB1-mut isogen (GSE145235),osteogen,30,0.75,2,3.44602337477144
17,RB1-mut isogen (GSE145235),osteogen,30,0.75,3,4.53191657738016
17,RB1-mut isogen (GSE145235),osteogen,30,0.75,4,3.88490741266528
17,RB1-mut isogen (GSE145235),osteogen,30,0.75,5,4.14465006558415
17,RB1-mut isogen (GSE145235),osteogen,30,1.0,1,6.09676188348729
17,RB1-mut isogen (GSE145235),osteogen,30,1.0,2,6.10971580081553
17,RB1-mut isogen (GSE145235),osteogen,30,1.0,3,4.47020800674316
17,RB1-mut isogen (GSE145235),osteogen,30,1.0,4,5.20849212657008
17,RB1-mut isogen (GSE145235),osteogen,30,1.0,5,4.87382930092963
17,RB1-mut isogen (GSE145235),osteogen,60,0.0,1,-1.69000744205228
17,RB1-mut isogen (GSE145235),osteogen,60,0.0,2,1.14718754043629
17,RB1-mut isogen (GSE145235),osteogen,60,0.0,3,0.306147810877101
17,RB1-mut isogen (GSE145235),osteogen,60,0.0,4,-0.0403985492723116
17,RB1-mut isogen (GSE145235),osteogen,60,0.0,5,0.778817421700019
17,RB1-mut isogen (GSE145235),osteogen,60,0.05,1,0.595374523114643
17,RB1-mut isogen (GSE145235),osteogen,60,0.05,2,0.534767540877334
17,RB1-mut isogen (GSE145235),osteogen,60,0.05,3,-1.00090731864634
17,RB1-mut isogen (GSE145235),osteogen,60,0.05,4,0.346663868420646
17,RB1-mut isogen (GSE145235),osteogen,60,0.05,5,-1.14859185963671
17,RB1-mut isogen (GSE145235),osteogen,60,0.1,1,0.478625375840137
17,RB1-mut isogen (GSE145235),osteogen,60,0.1,2,0.918863455575834
17,RB1-mut isogen (GSE145235),osteogen,60,0.1,3,1.97212127463386
17,RB1-mut isogen (GSE145235),osteogen,60,0.1,4,1.17688002805607
17,RB1-mut isogen (GSE145235),osteogen,60,0.1,5,-0.13758227525866
17,RB1-mut isogen (GSE145235),osteogen,60,0.2,1,2.08537038653053
17,RB1-mut isogen (GSE145235),osteogen,60,0.2,2,0.50141930809803
17,RB1-mut isogen (GSE145235),osteogen,60,0.2,3,2.06866330165895
17,RB1-mut isogen (GSE145235),osteogen,60,0.2,4,2.78058208739932
17,RB1-mut isogen (GSE145235),osteogen,60,0.2,5,1.20349832954156
17,RB1-mut isogen (GSE145235),osteogen,60,0.35,1,3.80627216457168
17,RB1-mut isogen (GSE145235),osteogen,60,0.35,2,3.58096375975971
17,RB1-mut isogen (GSE145235),osteogen,60,0.35,3,2.18724230407116
17,RB1-mut isogen (GSE145235),osteogen,60,0.35,4,3.19277921454983
17,RB1-mut isogen (GSE145235),osteogen,60,0.35,5,1.90891989182336
17,RB1-mut isogen (GSE145235),osteogen,60,0.5,1,3.54679222456666
17,RB1-mut isogen (GSE145235),osteogen,60,0.5,2,2.80403794109555
17,RB1-mut isogen (GSE145235),osteogen,60,0.5,3,3.25988720761711
17,RB1-mut isogen (GSE145235),osteogen,60,0.5,4,3.06352453497202
17,RB1-mut isogen (GSE145235),osteogen,60,0.5,5,2.74537699529769
17,RB1-mut isogen (GSE145235),osteogen,60,0.75,1,4.88909466741538
17,RB1-mut isogen (GSE145235),osteogen,60,0.75,2,4.80372789917186
17,RB1-mut isogen (GSE145235),osteogen,60,0.75,3,5.92454789579524
17,RB1-mut isogen (GSE145235),osteogen,60,0.75,4,5.4573020931285
17,RB1-mut isogen (GSE145235),osteogen,60,0.75,5,3.64943949286464
17,RB1-mut isogen (GSE145235),osteogen,60,1.0,1,6.16211926215622
17,RB1-mut isogen (GSE145235),osteogen,60,1.0,2,6.32511666434545
17,RB1-mut isogen (GSE145235),osteogen,60,1.0,3,8.89948535147234
17,RB1-mut isogen (GSE145235),osteogen,60,1.0,4,7.60321504810059
17,RB1-mut isogen (GSE145235),osteogen,60,1.0,5,6.62403304590052
18,RB1-del isogen (GSE145235),osteogen,15,0.0,1,-0.624340267078256
18,RB1-del isogen (GSE145235),osteogen,15,0.0,2,-0.744119133988285
18,RB1-del isogen (GSE145235),osteogen,15,0.0,3,0.515174033398393
18,RB1-del isogen (GSE145235),osteogen,15,0.0,4,-0.0023967895049175
18,RB1-del isogen (GSE145235),osteogen,15,0.0,5,-1.55800017637639
18,RB1-del isogen (GSE145235),osteogen,15,0.05,1,-1.52414801406841
18,RB1-del isogen (GSE145235),osteogen,15,0.05,2,1.0665478880315
18,RB1-del isogen (GSE145235),osteogen,15,0.05,3,0.0085583866838424
18,RB1-del isogen (GSE145235),osteogen,15,0.05,4,-1.32354763894205
18,RB1-del isogen (GSE145235),osteogen,15,0.05,5,-1.74093794860094
18,RB1-del isogen (GSE145235),osteogen,15,0.1,1,2.22498099867506
18,RB1-del isogen (GSE145235),osteogen,15,0.1,2,0.541143053331416
18,RB1-del isogen (GSE145235),osteogen,15,0.1,3,2.50218525021708
18,RB1-del isogen (GSE145235),osteogen,15,0.1,4,-0.610463356350404
18,RB1-del isogen (GSE145235),osteogen,15,0.1,5,0.367661799495496
18,RB1-del isogen (GSE145235),osteogen,15,0.2,1,1.57675492707292
18,RB1-del isogen (GSE145235),osteogen,15,0.2,2,2.63364552257401
18,RB1-del isogen (GSE145235),osteogen,15,0.2,3,1.72660556371799
18,RB1-del isogen (GSE145235),osteogen,15,0.2,4,0.0224742696107939
18,RB1-del isogen (GSE145235),osteogen,15,0.2,5,0.467877900845831
18,RB1-del isogen (GSE145235),osteogen,15,0.35,1,0.384975291282606
18,RB1-del isogen (GSE145235),osteogen,15,0.35,2,1.52181135528332
18,RB1-del isogen (GSE145235),osteogen,15,0.35,3,-0.0900295861654826
18,RB1-del isogen (GSE145235),osteogen,15,0.35,4,0.801344546955739
18,RB1-del isogen (GSE145235),osteogen,15,0.35,5,2.69959143452665
18,RB1-del isogen (GSE145235),osteogen,15,0.5,1,1.33358535471157
18,RB1-del isogen (GSE145235),osteogen,15,0.5,2,0.717201231839123
18,RB1-del isogen (GSE145235),osteogen,15,0.5,3,2.46534071860454
18,RB1-del isogen (GSE145235),osteogen,15,0.5,4,3.08982907753021
18,RB1-del isogen (GSE145235),osteogen,15,0.5,5,0.717042234702445
18,RB1-del isogen (GSE145235),osteogen,15,0.75,1,2.85777345394531
18,RB1-del isogen (GSE145235),osteogen,15,0.75,2,2.61878136348698
18,RB1-del isogen (GSE145235),osteogen,15,0.75,3,3.59887049071657
18,RB1-del isogen (GSE145235),osteogen,15,0.75,4,3.64836756795936
18,RB1-del isogen (GSE145235),osteogen,15,0.75,5,2.90230945192486
18,RB1-del isogen (GSE145235),osteogen,15,1.0,1,5.14452271111645
18,RB1-del isogen (GSE145235),osteogen,15,1.0,2,5.33453285827265
18,RB1-del isogen (GSE145235),osteogen,15,1.0,3,4.96907183349693
18,RB1-del isogen (GSE145235),osteogen,15,1.0,4,5.16239459648776
18,RB1-del isogen (GSE145235),osteogen,15,1.0,5,4.0042930095806
18,RB1-del isogen (GSE145235),osteogen,30,0.0,1,-0.0771489476603402
18,RB1-del isogen (GSE145235),osteogen,30,0.0,2,-1.43935635364103
18,RB1-del isogen (GSE145235),osteogen,30,0.0,3,1.39821872153575
18,RB1-del isogen (GSE145235),osteogen,30,0.0,4,-1.45534510497047
18,RB1-del isogen (GSE145235),osteogen,30,0.0,5,0.341946880586054
18,RB1-del isogen (GSE145235),osteogen,30,0.05,1,0.834972182659104
18,RB1-del isogen (GSE145235),osteogen,30,0.05,2,0.987114351994081
18,RB1-del isogen (GSE145235),osteogen,30,0.05,3,0.626883890913304
18,RB1-del isogen (GSE145235),osteogen,30,0.05,4,1.11854156906459
18,RB1-del isogen (GSE145235),osteogen,30,0.05,5,1.09732920341339
18,RB1-del isogen (GSE145235),osteogen,30,0.1,1,3.25559877725861
18,RB1-del isogen (GSE145235),osteogen,30,0.1,2,0.232839913935493
18,RB1-del isogen (GSE145235),osteogen,30,0.1,3,0.781692602392081
18,RB1-del isogen (GSE145235),osteogen,30,0.1,4,1.99745944410489
18,RB1-del isogen (GSE145235),osteogen,30,0.1,5,0.144136745879365
18,RB1-del isogen (GSE145235),osteogen,30,0.2,1,2.57511103327501
18,RB1-del isogen (GSE145235),osteogen,30,0.2,2,0.631294776420726
18,RB1-del isogen (GSE145235),osteogen,30,0.2,3,3.52442328606264
18,RB1-del isogen (GSE145235),osteogen,30,0.2,4,2.35791545622191
18,RB1-del isogen (GSE145235),osteogen,30,0.2,5,3.02203527741813
18,RB1-del isogen (GSE145235),osteogen,30,0.35,1,3.00125371819733
18,RB1-del isogen (GSE145235),osteogen,30,0.35,2,1.48770929103831
18,RB1-del isogen (GSE145235),osteogen,30,0.35,3,0.0883830431630738
18,RB1-del isogen (GSE145235),osteogen,30,0.35,4,0.981802552397143
18,RB1-del isogen (GSE145235),osteogen,30,0.35,5,2.33727782927304
18,RB1-del isogen (GSE145235),osteogen,30,0.5,1,2.27833828551595
18,RB1-del isogen (GSE145235),osteogen,30,0.5,2,4.90711408448668
18,RB1-del isogen (GSE145235),osteogen,30,0.5,3,3.33540414528668
18,RB1-del isogen (GSE145235),osteogen,30,0.5,4,3.79342136197752
18,RB1-del isogen (GSE145235),osteogen,30,0.5,5,3.63730000248204
18,RB1-del isogen (GSE145235),osteogen,30,0.75,1,6.1691181628557
18,RB1-del isogen (GSE145235),osteogen,30,0.75,2,4.42829428333172
18,RB1-del isogen (GSE145235),osteogen,30,0.75,3,4.1793627624267
18,RB1-del isogen (GSE145235),osteogen,30,0.75,4,2.508541659
18,RB1-del isogen (GSE145235),osteogen,30,0.75,5,3.15329404420212
18,RB1-del isogen (GSE145235),osteogen,30,1.0,1,6.20789597411547
18,RB1-del isogen (GSE145235),osteogen,30,1.0,2,6.84227613319117
18,RB1-del isogen (GSE145235),osteogen,30,1.0,3,7.00992534826693
18,RB1-del isogen (GSE145235),osteogen,30,1.0,4,7.16580849394077
18,RB1-del isogen (GSE145235),osteogen,30,1.0,5,7.56349415206681
18,RB1-del isogen (GSE145235),osteogen,60,0.0,1,1.66793876417193
18,RB1-del isogen (GSE145235),osteogen,60,0.0,2,0.777170233886489
18,RB1-del isogen (GSE145235),osteogen,60,0.0,3,1.05691457427129
18,RB1-del isogen (GSE145235),osteogen,60,0.0,4,-0.343399144218048
18,RB1-del isogen (GSE145235),osteogen,60,0.0,5,1.74635642836951
18,RB1-del isogen (GSE145235),osteogen,60,0.05,1,-0.187840462428553
18,RB1-del isogen (GSE145235),osteogen,60,0.05,2,1.3116570225153
18,RB1-del isogen (GSE145235),osteogen,60,0.05,3,0.482685301772467
18,RB1-del isogen (GSE145235),osteogen,60,0.05,4,-0.118329907139769
18,RB1-del isogen (GSE145235),osteogen,60,0.05,5,-1.87985452210844
18,RB1-del isogen (GSE145235),osteogen,60,0.1,1,1.15923790214908
18,RB1-del isogen (GSE145235),osteogen,60,0.1,2,1.05414019187012
18,RB1-del isogen (GSE145235),osteogen,60,0.1,3,2.53694645334927
18,RB1-del isogen (GSE145235),osteogen,60,0.1,4,1.58815112897339
18,RB1-del isogen (GSE145235),osteogen,60,0.1,5,0.997055583572057
18,RB1-del isogen (GSE145235),osteogen,60,0.2,1,1.67854974383925
18,RB1-del isogen (GSE145235),osteogen,60,0.2,2,1.06148088097873
18,RB1-del isogen (GSE145235),osteogen,60,0.2,3,2.63948930823395
18,RB1-del isogen (GSE145235),osteogen,60,0.2,4,2.50137496464172
18,RB1-del isogen (GSE145235),osteogen,60,0.2,5,1.33001786174358
18,RB1-del isogen (GSE145235),osteogen,60,0.35,1,2.90794597792434
18,RB1-del isogen (GSE145235),osteogen,60,0.35,2,3.39658713552959
18,RB1-del isogen (GSE145235),osteogen,60,0.35,3,5.38820736792782
18,RB1-del isogen (GSE145235),osteogen,60,0.35,4,3.02991267356475
18,RB1-del isogen (GSE145235),osteogen,60,0.35,5,0.932306391485664
18,RB1-del isogen (GSE145235),osteogen,60,0.5,1,5.25501585414861
18,RB1-del isogen (GSE145235),osteogen,60,0.5,2,5.59041621866401
18,RB1-del isogen (GSE145235),osteogen,60,0.5,3,5.58231043786158
18,RB1-del isogen (GSE145235),osteogen,60,0.5,4,4.31005093435498
18,RB1-del isogen (GSE145235),osteogen,60,0.5,5,2.15159748389897
18,RB1-del isogen (GSE145235),osteogen,60,0.75,1,7.49946931902081
18,RB1-del isogen (GSE145235),osteogen,60,0.75,2,6.68393054668688
18,RB1-del isogen (GSE145235),osteogen,60,0.75,3,5.44718024790688
18,RB1-del isogen (GSE145235),osteogen,60,0.75,4,7.17619999058944
18,RB1-del isogen (GSE145235),osteogen,60,0.75,5,7.76704391846357
18,RB1-del isogen (GSE145235),osteogen,60,1.0,1,9.99985728622882
18,RB1-del isogen (GSE145235),osteogen,60,1.0,2,10.1467426490779
18,RB1-del isogen (GSE145235),osteogen,60,1.0,3,6.16869278096767
18,RB1-del isogen (GSE145235),osteogen,60,1.0,4,10.7831885152643
18,RB1-del isogen (GSE145235),osteogen,60,1.0,5,9.30744895799285
