punkt,datensatz,arm,hypothese,runde,n1,n2,z_korr
1,LAMA5-KO (chondr),chondrogen,H1,1,60,60.0,-0.234399590189036
1,LAMA5-KO (chondr),chondrogen,H1,2,60,60.0,-0.498714067473904
1,LAMA5-KO (chondr),chondrogen,H1,3,60,60.0,0.124752139829394
1,LAMA5-KO (chondr),chondrogen,H1,4,60,60.0,0.602298465894361
1,LAMA5-KO (chondr),chondrogen,H1,5,60,60.0,-1.4969556730553
1,LAMA5-KO (chondr),chondrogen,H1,6,60,60.0,0.57602472131574
1,LAMA5-KO (chondr),chondrogen,H1,7,60,60.0,-2.29392351635507
1,LAMA5-KO (chondr),chondrogen,H1,8,60,60.0,0.877949984888985
1,LAMA5-KO (chondr),chondrogen,H1,9,60,60.0,0.216132342937818
1,LAMA5-KO (chondr),chondrogen,H1,10,60,60.0,0.493658776400686
1,LAMA5-KO (chondr),chondrogen,H2,1,88,88.0,-0.549796553765615
1,LAMA5-KO (chondr),chondrogen,H2,2,88,88.0,-1.28903749009223
1,LAMA5-KO (chondr),chondrogen,H2,3,88,88.0,0.62189544332233
1,LAMA5-KO (chondr),chondrogen,H2,4,88,88.0,-1.67133999584802
1,LAMA5-KO (chondr),chondrogen,H2,5,88,88.0,-1.4590305465233
1,LAMA5-KO (chondr),chondrogen,H2,6,88,88.0,0.849471042324821
1,LAMA5-KO (chondr),chondrogen,H2,7,88,88.0,0.415376091750513
1,LAMA5-KO (chondr),chondrogen,H2,8,88,88.0,-0.479521244986594
1,LAMA5-KO (chondr),chondrogen,H2,9,88,88.0,-0.0412972007513044
1,LAMA5-KO (chondr),chondrogen,H2,10,88,88.0,0.53318244933846
1,LAMA5-KO (chondr),chondrogen,H3,1,88,88.0,-0.600161462936991
1,LAMA5-KO (chondr),chondrogen,H3,2,88,88.0,-0.253583453872893
1,LAMA5-KO (chondr),chondrogen,H3,3,88,88.0,0.778088835369194
1,LAMA5-KO (chondr),chondrogen,H3,4,88,88.0,-1.58163911983006
1,LAMA5-KO (chondr),chondrogen,H3,5,88,88.0,0.10740461079517
1,LAMA5-KO (chondr),chondrogen,H3,6,88,88.0,1.36092720193069
1,LAMA5-KO (chondr),chondrogen,H3,7,88,88.0,0.83456063205337
1,LAMA5-KO (chondr),chondrogen,H3,8,88,88.0,0.87464282429849
1,LAMA5-KO (chondr),chondrogen,H3,9,88,88.0,-0.390768896076371
1,LAMA5-KO (chondr),chondrogen,H3,10,88,88.0,-0.229585580938519
2,LAMA5-KO (osteo),osteogen,H1,1,76,76.0,0.748369661272936
2,LAMA5-KO (osteo),osteogen,H1,2,76,76.0,-1.11810322791278
2,LAMA5-KO (osteo),osteogen,H1,3,76,76.0,0.581310008332463
2,LAMA5-KO (osteo),osteogen,H1,4,76,76.0,0.678305547116575
2,LAMA5-KO (osteo),osteogen,H1,5,76,76.0,-0.876062926114228
2,LAMA5-KO (osteo),osteogen,H1,6,76,76.0,0.748589384810471
2,LAMA5-KO (osteo),osteogen,H1,7,76,76.0,0.960743234465086
2,LAMA5-KO (osteo),osteogen,H1,8,76,76.0,0.0022950089485421
2,LAMA5-KO (osteo),osteogen,H1,9,76,76.0,-0.464419688036742
2,LAMA5-KO (osteo),osteogen,H1,10,76,76.0,-1.29736690660154
2,LAMA5-KO (osteo),osteogen,H2,1,87,87.0,1.56506562158613
2,LAMA5-KO (osteo),osteogen,H2,2,87,87.0,0.674271773954528
2,LAMA5-KO (osteo),osteogen,H2,3,87,87.0,0.154893378549783
2,LAMA5-KO (osteo),osteogen,H2,4,87,87.0,-0.974129389548568
2,LAMA5-KO (osteo),osteogen,H2,5,87,87.0,0.915972366692232
2,LAMA5-KO (osteo),osteogen,H2,6,87,87.0,-0.208020871514901
2,LAMA5-KO (osteo),osteogen,H2,7,87,87.0,0.369008863904032
2,LAMA5-KO (osteo),osteogen,H2,8,87,87.0,1.04453652434387
2,LAMA5-KO (osteo),osteogen,H2,9,87,87.0,1.11823552902071
2,LAMA5-KO (osteo),osteogen,H2,10,87,87.0,-1.0626021021099
2,LAMA5-KO (osteo),osteogen,H3,1,75,75.0,-0.152340480279024
2,LAMA5-KO (osteo),osteogen,H3,2,75,75.0,0.301315509524217
2,LAMA5-KO (osteo),osteogen,H3,3,75,75.0,-0.0619210292477141
2,LAMA5-KO (osteo),osteogen,H3,4,75,75.0,0.293558578981886
2,LAMA5-KO (osteo),osteogen,H3,5,75,75.0,-0.350616831793061
2,LAMA5-KO (osteo),osteogen,H3,6,75,75.0,-0.259881078026632
2,LAMA5-KO (osteo),osteogen,H3,7,75,75.0,1.09429193540349
2,LAMA5-KO (osteo),osteogen,H3,8,75,75.0,0.130420791622284
2,LAMA5-KO (osteo),osteogen,H3,9,75,75.0,0.700417679457598
2,LAMA5-KO (osteo),osteogen,H3,10,75,75.0,0.259136072304313
3,FN1 FNC123R,chondrogen,H1,1,45,45.0,-1.24191400143308
3,FN1 FNC123R,chondrogen,H1,2,45,45.0,-2.04575827409658
3,FN1 FNC123R,chondrogen,H1,3,45,45.0,1.09616674047708
3,FN1 FNC123R,chondrogen,H1,4,45,45.0,0.543791371863038
3,FN1 FNC123R,chondrogen,H1,5,45,45.0,-0.753693167247388
3,FN1 FNC123R,chondrogen,H1,6,45,45.0,0.11313641877211
3,FN1 FNC123R,chondrogen,H1,7,45,45.0,0.25035322496648
3,FN1 FNC123R,chondrogen,H1,8,45,45.0,0.908227420355971
3,FN1 FNC123R,chondrogen,H1,9,45,45.0,0.463914876956118
3,FN1 FNC123R,chondrogen,H1,10,45,45.0,0.519857001113418
3,FN1 FNC123R,chondrogen,H2,1,95,95.0,0.124479885444375
3,FN1 FNC123R,chondrogen,H2,2,95,95.0,0.29798927168312
3,FN1 FNC123R,chondrogen,H2,3,95,95.0,-0.337713067071406
3,FN1 FNC123R,chondrogen,H2,4,95,95.0,0.275191999488231
3,FN1 FNC123R,chondrogen,H2,5,95,95.0,1.67090811334788
3,FN1 FNC123R,chondrogen,H2,6,95,95.0,1.6449935510647
3,FN1 FNC123R,chondrogen,H2,7,95,95.0,-0.549052670060782
3,FN1 FNC123R,chondrogen,H2,8,95,95.0,3.22864029744194
3,FN1 FNC123R,chondrogen,H2,9,95,95.0,-0.544383105502351
3,FN1 FNC123R,chondrogen,H2,10,95,95.0,1.91136283763368
3,FN1 FNC123R,chondrogen,H3,1,82,82.0,-1.52028304229549
3,FN1 FNC123R,chondrogen,H3,2,82,82.0,0.296986773067014
3,FN1 FNC123R,chondrogen,H3,3,82,82.0,0.153272510867821
3,FN1 FNC123R,chondrogen,H3,4,82,82.0,-0.0824113323563559
3,FN1 FNC123R,chondrogen,H3,5,82,82.0,0.678264921479972
3,FN1 FNC123R,chondrogen,H3,6,82,82.0,-0.231720610333734
3,FN1 FNC123R,chondrogen,H3,7,82,82.0,1.16795566467651
3,FN1 FNC123R,chondrogen,H3,8,82,82.0,-1.72356878562941
3,FN1 FNC123R,chondrogen,H3,9,82,82.0,1.33680338754224
3,FN1 FNC123R,chondrogen,H3,10,82,82.0,-1.03697907341473
4,FN1 FNC231W,chondrogen,H1,1,53,53.0,-2.05190223701226
4,FN1 FNC231W,chondrogen,H1,2,53,53.0,-1.41794751869517
4,FN1 FNC231W,chondrogen,H1,3,53,53.0,1.3960335143517
4,FN1 FNC231W,chondrogen,H1,4,53,53.0,-1.67264919077093
4,FN1 FNC231W,chondrogen,H1,5,53,53.0,0.69139067399571
4,FN1 FNC231W,chondrogen,H1,6,53,53.0,2.47230705425586
4,FN1 FNC231W,chondrogen,H1,7,53,53.0,0.209049597071684
4,FN1 FNC231W,chondrogen,H1,8,53,53.0,-1.07733824774165
4,FN1 FNC231W,chondrogen,H1,9,53,53.0,-1.08661528006834
4,FN1 FNC231W,chondrogen,H1,10,53,53.0,-2.40865501660838
4,FN1 FNC231W,chondrogen,H2,1,100,100.0,0.194894968900633
4,FN1 FNC231W,chondrogen,H2,2,100,100.0,-0.742396099868655
4,FN1 FNC231W,chondrogen,H2,3,100,100.0,0.310622002496738
4,FN1 FNC231W,chondrogen,H2,4,100,100.0,0.339453221848841
4,FN1 FNC231W,chondrogen,H2,5,100,100.0,1.46301867027152
4,FN1 FNC231W,chondrogen,H2,6,100,100.0,-0.451865448623772
4,FN1 FNC231W,chondrogen,H2,7,100,100.0,0.150485988579277
4,FN1 FNC231W,chondrogen,H2,8,100,100.0,0.0507346219144783
4,FN1 FNC231W,chondrogen,H2,9,100,100.0,-0.638889423652884
4,FN1 FNC231W,chondrogen,H2,10,100,100.0,-0.13313678806444
4,FN1 FNC231W,chondrogen,H3,1,84,84.0,0.306105318283543
4,FN1 FNC231W,chondrogen,H3,2,84,84.0,0.127557164489013
4,FN1 FNC231W,chondrogen,H3,3,84,84.0,0.0108526531254593
4,FN1 FNC231W,chondrogen,H3,4,84,84.0,-0.534156294565972
4,FN1 FNC231W,chondrogen,H3,5,84,84.0,0.846572313105109
4,FN1 FNC231W,chondrogen,H3,6,84,84.0,0.158915467898684
4,FN1 FNC231W,chondrogen,H3,7,84,84.0,-0.818330282324539
4,FN1 FNC231W,chondrogen,H3,8,84,84.0,-1.48164700530964
4,FN1 FNC231W,chondrogen,H3,9,84,84.0,1.02654308594095
4,FN1 FNC231W,chondrogen,H3,10,84,84.0,-0.873045734356464
5,SERPINA3-KD,chondrogen,H2,1,13,13.0,0.234112815260274
5,SERPINA3-KD,chondrogen,H2,2,13,13.0,0.331438052080533
5,SERPINA3-KD,chondrogen,H2,3,13,13.0,-0.265128420204945
5,SERPINA3-KD,chondrogen,H2,4,13,13.0,-0.382762266603069
5,SERPINA3-KD,chondrogen,H2,5,13,13.0,0.472637339056208
5,SERPINA3-KD,chondrogen,H2,6,13,13.0,1.16772241815374
5,SERPINA3-KD,chondrogen,H2,7,13,13.0,-0.342873800458133
5,SERPINA3-KD,chondrogen,H2,8,13,13.0,0.540810094477464
5,SERPINA3-KD,chondrogen,H2,9,13,13.0,0.224548402373223
5,SERPINA3-KD,chondrogen,H2,10,13,13.0,-0.389170416630707
5,SERPINA3-KD,chondrogen,H3,1,11,11.0,-0.407708098191954
5,SERPINA3-KD,chondrogen,H3,2,11,11.0,0.20432350762044
5,SERPINA3-KD,chondrogen,H3,3,11,11.0,-0.0106588454250218
5,SERPINA3-KD,chondrogen,H3,4,11,11.0,-0.1979299951108
5,SERPINA3-KD,chondrogen,H3,5,11,11.0,-0.448409946575812
5,SERPINA3-KD,chondrogen,H3,6,11,11.0,0.357392972202766
5,SERPINA3-KD,chondrogen,H3,7,11,11.0,0.286657362389879
5,SERPINA3-KD,chondrogen,H3,8,11,11.0,0.692125209138238
5,SERPINA3-KD,chondrogen,H3,9,11,11.0,-0.109508987408107
5,SERPINA3-KD,chondrogen,H3,10,11,11.0,0.253695547603566
6,MIR181A1HG-KD,osteogen,H1,1,59,59.0,1.35590387317549
6,MIR181A1HG-KD,osteogen,H1,2,59,59.0,-0.0894997770357941
6,MIR181A1HG-KD,osteogen,H1,3,59,59.0,0.539460074042533
6,MIR181A1HG-KD,osteogen,H1,4,59,59.0,0.401213204833441
6,MIR181A1HG-KD,osteogen,H1,5,59,59.0,-0.135833060245049
6,MIR181A1HG-KD,osteogen,H1,6,59,59.0,0.246358256870277
6,MIR181A1HG-KD,osteogen,H1,7,59,59.0,-0.783174593814024
6,MIR181A1HG-KD,osteogen,H1,8,59,59.0,1.06182740398803
6,MIR181A1HG-KD,osteogen,H1,9,59,59.0,0.35474157172847
6,MIR181A1HG-KD,osteogen,H1,10,59,59.0,0.251417730232095
6,MIR181A1HG-KD,osteogen,H2,1,67,67.0,-0.240047278074563
6,MIR181A1HG-KD,osteogen,H2,2,67,67.0,0.374550687680372
6,MIR181A1HG-KD,osteogen,H2,3,67,67.0,0.136437526310255
6,MIR181A1HG-KD,osteogen,H2,4,67,67.0,1.47040739750593
6,MIR181A1HG-KD,osteogen,H2,5,67,67.0,0.701150094063014
6,MIR181A1HG-KD,osteogen,H2,6,67,67.0,1.14599690243076
6,MIR181A1HG-KD,osteogen,H2,7,67,67.0,0.268304754918842
6,MIR181A1HG-KD,osteogen,H2,8,67,67.0,-1.14962018591164
6,MIR181A1HG-KD,osteogen,H2,9,67,67.0,-0.670159148624221
6,MIR181A1HG-KD,osteogen,H2,10,67,67.0,0.755163448426556
6,MIR181A1HG-KD,osteogen,H3,1,59,59.0,-0.344454701325615
6,MIR181A1HG-KD,osteogen,H3,2,59,59.0,-0.5431086644026
6,MIR181A1HG-KD,osteogen,H3,3,59,59.0,-1.01927255689328
6,MIR181A1HG-KD,osteogen,H3,4,59,59.0,0.750943151877187
6,MIR181A1HG-KD,osteogen,H3,5,59,59.0,-0.392460923641718
6,MIR181A1HG-KD,osteogen,H3,6,59,59.0,0.120357204852099
6,MIR181A1HG-KD,osteogen,H3,7,59,59.0,1.0970351009281
6,MIR181A1HG-KD,osteogen,H3,8,59,59.0,-0.0890969504616935
6,MIR181A1HG-KD,osteogen,H3,9,59,59.0,0.228768064292212
6,MIR181A1HG-KD,osteogen,H3,10,59,59.0,0.770552389882038
7,LINC01638-KD (GSE227512),osteogen,H1,1,30,30.0,0.412953888628967
7,LINC01638-KD (GSE227512),osteogen,H1,2,30,30.0,0.782951722959214
7,LINC01638-KD (GSE227512),osteogen,H1,3,30,30.0,0.592031588540732
7,LINC01638-KD (GSE227512),osteogen,H1,4,30,30.0,0.565284867720159
7,LINC01638-KD (GSE227512),osteogen,H1,5,30,30.0,-0.701806641084116
7,LINC01638-KD (GSE227512),osteogen,H1,6,30,30.0,1.04298867999409
7,LINC01638-KD (GSE227512),osteogen,H1,7,30,30.0,1.58952308023349
7,LINC01638-KD (GSE227512),osteogen,H1,8,30,30.0,0.611114740223382
7,LINC01638-KD (GSE227512),osteogen,H1,9,30,30.0,-2.1270845717464
7,LINC01638-KD (GSE227512),osteogen,H1,10,30,30.0,-1.06078543328657
7,LINC01638-KD (GSE227512),osteogen,H2,1,30,30.0,1.19088858245089
7,LINC01638-KD (GSE227512),osteogen,H2,2,30,30.0,0.0582458445372594
7,LINC01638-KD (GSE227512),osteogen,H2,3,30,30.0,0.924422607357531
7,LINC01638-KD (GSE227512),osteogen,H2,4,30,30.0,1.23256381220315
7,LINC01638-KD (GSE227512),osteogen,H2,5,30,30.0,-0.659496272855682
7,LINC01638-KD (GSE227512),osteogen,H2,6,30,30.0,0.761563526862867
7,LINC01638-KD (GSE227512),osteogen,H2,7,30,30.0,1.3882433895697
7,LINC01638-KD (GSE227512),osteogen,H2,8,30,30.0,0.555170269321885
7,LINC01638-KD (GSE227512),osteogen,H2,9,30,30.0,0.446151701850531
7,LINC01638-KD (GSE227512),osteogen,H2,10,30,30.0,-0.571115943228184
7,LINC01638-KD (GSE227512),osteogen,H3,1,30,30.0,-0.453809367301164
7,LINC01638-KD (GSE227512),osteogen,H3,2,30,30.0,0.39493952697769
7,LINC01638-KD (GSE227512),osteogen,H3,3,30,30.0,0.0521468521531299
7,LINC01638-KD (GSE227512),osteogen,H3,4,30,30.0,0.264315672836892
7,LINC01638-KD (GSE227512),osteogen,H3,5,30,30.0,0.401046772801675
7,LINC01638-KD (GSE227512),osteogen,H3,6,30,30.0,1.14885192682588
7,LINC01638-KD (GSE227512),osteogen,H3,7,30,30.0,-0.579799593170597
7,LINC01638-KD (GSE227512),osteogen,H3,8,30,30.0,0.254987997209036
7,LINC01638-KD (GSE227512),osteogen,H3,9,30,30.0,-0.569676462274534
7,LINC01638-KD (GSE227512),osteogen,H3,10,30,30.0,0.87864379952055
8,ARSB / MPS VI (GSE218101),chondrogen,H1,1,72,72.0,-0.924729394447648
8,ARSB / MPS VI (GSE218101),chondrogen,H1,2,72,72.0,1.12010215377573
8,ARSB / MPS VI (GSE218101),chondrogen,H1,3,72,72.0,1.44382221956781
8,ARSB / MPS VI (GSE218101),chondrogen,H1,4,72,72.0,0.406749593328004
8,ARSB / MPS VI (GSE218101),chondrogen,H1,5,72,72.0,-1.14372563478153
8,ARSB / MPS VI (GSE218101),chondrogen,H1,6,72,72.0,0.115481756861803
8,ARSB / MPS VI (GSE218101),chondrogen,H1,7,72,72.0,1.2063948231512
8,ARSB / MPS VI (GSE218101),chondrogen,H1,8,72,72.0,1.69419174463748
8,ARSB / MPS VI (GSE218101),chondrogen,H1,9,72,72.0,-0.247841088803329
8,ARSB / MPS VI (GSE218101),chondrogen,H1,10,72,72.0,-0.488847748992986
8,ARSB / MPS VI (GSE218101),chondrogen,H2,1,100,100.0,-0.406835760727886
8,ARSB / MPS VI (GSE218101),chondrogen,H2,2,100,100.0,-0.648572505950595
8,ARSB / MPS VI (GSE218101),chondrogen,H2,3,100,100.0,2.8395426160515
8,ARSB / MPS VI (GSE218101),chondrogen,H2,4,100,100.0,0.168713638125936
8,ARSB / MPS VI (GSE218101),chondrogen,H2,5,100,100.0,0.591506957618592
8,ARSB / MPS VI (GSE218101),chondrogen,H2,6,100,100.0,0.510634737548842
8,ARSB / MPS VI (GSE218101),chondrogen,H2,7,100,100.0,2.84223045712903
8,ARSB / MPS VI (GSE218101),chondrogen,H2,8,100,100.0,0.0377060015479723
8,ARSB / MPS VI (GSE218101),chondrogen,H2,9,100,100.0,0.349220410204214
8,ARSB / MPS VI (GSE218101),chondrogen,H2,10,100,100.0,0.44388502432645
8,ARSB / MPS VI (GSE218101),chondrogen,H3,1,97,97.0,-1.04172375379136
8,ARSB / MPS VI (GSE218101),chondrogen,H3,2,97,97.0,0.992725321092344
8,ARSB / MPS VI (GSE218101),chondrogen,H3,3,97,97.0,1.11625182122729
8,ARSB / MPS VI (GSE218101),chondrogen,H3,4,97,97.0,1.36703740080292
8,ARSB / MPS VI (GSE218101),chondrogen,H3,5,97,97.0,0.545674970460307
8,ARSB / MPS VI (GSE218101),chondrogen,H3,6,97,97.0,0.381323396010199
8,ARSB / MPS VI (GSE218101),chondrogen,H3,7,97,97.0,1.80967374615781
8,ARSB / MPS VI (GSE218101),chondrogen,H3,8,97,97.0,-0.192312451843754
8,ARSB / MPS VI (GSE218101),chondrogen,H3,9,97,97.0,-0.311240624156499
8,ARSB / MPS VI (GSE218101),chondrogen,H3,10,97,97.0,-1.94639275088819
9,ACVR1 / FOP (GSE221128),chondrogen,H1,1,59,59.0,-1.63745902478173
9,ACVR1 / FOP (GSE221128),chondrogen,H1,2,59,59.0,0.597956207382893
9,ACVR1 / FOP (GSE221128),chondrogen,H1,3,59,59.0,-0.255955103623834
9,ACVR1 / FOP (GSE221128),chondrogen,H1,4,59,59.0,0.838211461738413
9,ACVR1 / FOP (GSE221128),chondrogen,H1,5,59,59.0,0.661707363277044
9,ACVR1 / FOP (GSE221128),chondrogen,H1,6,59,59.0,1.23150474769822
9,ACVR1 / FOP (GSE221128),chondrogen,H1,7,59,59.0,-0.178595493663596
9,ACVR1 / FOP (GSE221128),chondrogen,H1,8,59,59.0,0.28901919944872
9,ACVR1 / FOP (GSE221128),chondrogen,H1,9,59,59.0,0.420827525690812
9,ACVR1 / FOP (GSE221128),chondrogen,H1,10,59,59.0,-0.657074243452307
9,ACVR1 / FOP (GSE221128),chondrogen,H2,1,105,105.0,-0.436253204600063
9,ACVR1 / FOP (GSE221128),chondrogen,H2,2,105,105.0,-1.10342767484147
9,ACVR1 / FOP (GSE221128),chondrogen,H2,3,105,105.0,0.840511273543578
9,ACVR1 / FOP (GSE221128),chondrogen,H2,4,105,105.0,-0.0574091184324305
9,ACVR1 / FOP (GSE221128),chondrogen,H2,5,105,105.0,-0.822443040445414
9,ACVR1 / FOP (GSE221128),chondrogen,H2,6,105,105.0,-0.514636638055259
9,ACVR1 / FOP (GSE221128),chondrogen,H2,7,105,105.0,-0.728362307516116
9,ACVR1 / FOP (GSE221128),chondrogen,H2,8,105,105.0,-0.326622821763222
9,ACVR1 / FOP (GSE221128),chondrogen,H2,9,105,105.0,-0.161117276364985
9,ACVR1 / FOP (GSE221128),chondrogen,H2,10,105,105.0,-0.131921290834003
9,ACVR1 / FOP (GSE221128),chondrogen,H3,1,86,86.0,0.185312400427956
9,ACVR1 / FOP (GSE221128),chondrogen,H3,2,86,86.0,0.700663947712314
9,ACVR1 / FOP (GSE221128),chondrogen,H3,3,86,86.0,0.0925159409790279
9,ACVR1 / FOP (GSE221128),chondrogen,H3,4,86,86.0,-0.877580816066985
9,ACVR1 / FOP (GSE221128),chondrogen,H3,5,86,86.0,0.0132449192961919
9,ACVR1 / FOP (GSE221128),chondrogen,H3,6,86,86.0,-0.453227037704907
9,ACVR1 / FOP (GSE221128),chondrogen,H3,7,86,86.0,-0.407404994026135
9,ACVR1 / FOP (GSE221128),chondrogen,H3,8,86,86.0,0.330950414345424
9,ACVR1 / FOP (GSE221128),chondrogen,H3,9,86,86.0,1.21620513761831
9,ACVR1 / FOP (GSE221128),chondrogen,H3,10,86,86.0,0.257926237064722
10,RNF4-KD (GSE205432),osteogen,H1,1,29,29.0,-2.15308861523839
10,RNF4-KD (GSE205432),osteogen,H1,2,29,29.0,2.00017985485349
10,RNF4-KD (GSE205432),osteogen,H1,3,29,29.0,1.96528927972441
10,RNF4-KD (GSE205432),osteogen,H1,4,29,29.0,0.971647248784004
10,RNF4-KD (GSE205432),osteogen,H1,5,29,29.0,-1.27342391859252
10,RNF4-KD (GSE205432),osteogen,H1,6,29,29.0,-0.484945050863793
10,RNF4-KD (GSE205432),osteogen,H1,7,29,29.0,-0.736243936769658
10,RNF4-KD (GSE205432),osteogen,H1,8,29,29.0,-1.10519054169475
10,RNF4-KD (GSE205432),osteogen,H1,9,29,29.0,-2.01345712843643
10,RNF4-KD (GSE205432),osteogen,H1,10,29,29.0,0.147305651481368
10,RNF4-KD (GSE205432),osteogen,H2,1,59,59.0,1.0226551293145
10,RNF4-KD (GSE205432),osteogen,H2,2,59,59.0,-0.35610994923868
10,RNF4-KD (GSE205432),osteogen,H2,3,59,59.0,0.535989177736617
10,RNF4-KD (GSE205432),osteogen,H2,4,59,59.0,0.435080113424201
10,RNF4-KD (GSE205432),osteogen,H2,5,59,59.0,-2.42717803370005
10,RNF4-KD (GSE205432),osteogen,H2,6,59,59.0,2.34068502042383
10,RNF4-KD (GSE205432),osteogen,H2,7,59,59.0,1.23580385786698
10,RNF4-KD (GSE205432),osteogen,H2,8,59,59.0,0.0936510488889371
10,RNF4-KD (GSE205432),osteogen,H2,9,59,59.0,-1.29013815461982
10,RNF4-KD (GSE205432),osteogen,H2,10,59,59.0,-1.38217880306351
10,RNF4-KD (GSE205432),osteogen,H3,1,50,50.0,-1.0342407599063
10,RNF4-KD (GSE205432),osteogen,H3,2,50,50.0,3.11872930992676
10,RNF4-KD (GSE205432),osteogen,H3,3,50,50.0,1.37646515212686
10,RNF4-KD (GSE205432),osteogen,H3,4,50,50.0,-1.51384262296589
10,RNF4-KD (GSE205432),osteogen,H3,5,50,50.0,-4.50358661471837
10,RNF4-KD (GSE205432),osteogen,H3,6,50,50.0,1.52707142401838
10,RNF4-KD (GSE205432),osteogen,H3,7,50,50.0,-0.209921176532957
10,RNF4-KD (GSE205432),osteogen,H3,8,50,50.0,0.479043059089052
10,RNF4-KD (GSE205432),osteogen,H3,9,50,50.0,-2.34473844837006
10,RNF4-KD (GSE205432),osteogen,H3,10,50,50.0,0.348570931013133
11,RB1 +/- (GSE245585),osteogen,H1,1,67,67.0,-1.20988986718929
11,RB1 +/- (GSE245585),osteogen,H1,2,67,67.0,-2.61333302261954
11,RB1 +/- (GSE245585),osteogen,H1,3,67,67.0,0.0742194762508595
11,RB1 +/- (GSE245585),osteogen,H1,4,67,67.0,-0.17213333491255
11,RB1 +/- (GSE245585),osteogen,H1,5,67,67.0,-0.370251267879232
11,RB1 +/- (GSE245585),osteogen,H1,6,67,67.0,0.39293294002479
11,RB1 +/- (GSE245585),osteogen,H1,7,67,67.0,0.310441115240663
11,RB1 +/- (GSE245585),osteogen,H1,8,67,67.0,-0.260426274701242
11,RB1 +/- (GSE245585),osteogen,H1,9,67,67.0,1.95743209340972
11,RB1 +/- (GSE245585),osteogen,H1,10,67,67.0,1.53846831479165
11,RB1 +/- (GSE245585),osteogen,H2,1,87,87.0,3.03821187386222
11,RB1 +/- (GSE245585),osteogen,H2,2,87,87.0,0.108141110796924
11,RB1 +/- (GSE245585),osteogen,H2,3,87,87.0,-0.349099560828994
11,RB1 +/- (GSE245585),osteogen,H2,4,87,87.0,1.15336165595042
11,RB1 +/- (GSE245585),osteogen,H2,5,87,87.0,-2.47611768957354
11,RB1 +/- (GSE245585),osteogen,H2,6,87,87.0,-0.0761709717250288
11,RB1 +/- (GSE245585),osteogen,H2,7,87,87.0,2.68333714413419
11,RB1 +/- (GSE245585),osteogen,H2,8,87,87.0,-1.05142539629015
11,RB1 +/- (GSE245585),osteogen,H2,9,87,87.0,3.02561777602004
11,RB1 +/- (GSE245585),osteogen,H2,10,87,87.0,1.85108434010785
11,RB1 +/- (GSE245585),osteogen,H3,1,50,50.0,-2.47538823164749
11,RB1 +/- (GSE245585),osteogen,H3,2,50,50.0,-1.86433165195988
11,RB1 +/- (GSE245585),osteogen,H3,3,50,50.0,1.23961779664442
11,RB1 +/- (GSE245585),osteogen,H3,4,50,50.0,0.242996907956947
11,RB1 +/- (GSE245585),osteogen,H3,5,50,50.0,-1.43522513062844
11,RB1 +/- (GSE245585),osteogen,H3,6,50,50.0,0.879952987272306
11,RB1 +/- (GSE245585),osteogen,H3,7,50,50.0,-2.14457682010355
11,RB1 +/- (GSE245585),osteogen,H3,8,50,50.0,1.61345867441473
11,RB1 +/- (GSE245585),osteogen,H3,9,50,50.0,1.60470391700354
11,RB1 +/- (GSE245585),osteogen,H3,10,50,50.0,0.451580265502192
12,Nonunion (GSE226565),osteogen,H1,1,13,13.0,0.126534746714239
12,Nonunion (GSE226565),osteogen,H1,2,13,13.0,1.2855279292245
12,Nonunion (GSE226565),osteogen,H1,3,13,13.0,-1.54710062061185
12,Nonunion (GSE226565),osteogen,H1,4,13,13.0,-0.631300794023059
12,Nonunion (GSE226565),osteogen,H1,5,13,13.0,1.28868211624674
12,Nonunion (GSE226565),osteogen,H1,6,13,13.0,0.61932370300581
12,Nonunion (GSE226565),osteogen,H1,7,13,13.0,-0.66898812694961
12,Nonunion (GSE226565),osteogen,H1,8,13,13.0,-0.751093511013543
12,Nonunion (GSE226565),osteogen,H1,9,13,13.0,0.218470299821981
12,Nonunion (GSE226565),osteogen,H1,10,13,13.0,-0.205334199615489
12,Nonunion (GSE226565),osteogen,H2,1,39,39.0,0.785090092651817
12,Nonunion (GSE226565),osteogen,H2,2,39,39.0,-2.35960315825867
12,Nonunion (GSE226565),osteogen,H2,3,39,39.0,-0.084993320162045
12,Nonunion (GSE226565),osteogen,H2,4,39,39.0,1.01538743548794
12,Nonunion (GSE226565),osteogen,H2,5,39,39.0,2.34046392599074
12,Nonunion (GSE226565),osteogen,H2,6,39,39.0,1.08859940032448
12,Nonunion (GSE226565),osteogen,H2,7,39,39.0,0.455575723646992
12,Nonunion (GSE226565),osteogen,H2,8,39,39.0,-2.19330247294657
12,Nonunion (GSE226565),osteogen,H2,9,39,39.0,-0.230479142968804
12,Nonunion (GSE226565),osteogen,H2,10,39,39.0,0.96294595539905
12,Nonunion (GSE226565),osteogen,H3,1,39,39.0,-0.984036152133611
12,Nonunion (GSE226565),osteogen,H3,2,39,39.0,0.925201136205095
12,Nonunion (GSE226565),osteogen,H3,3,39,39.0,2.82993591478289
12,Nonunion (GSE226565),osteogen,H3,4,39,39.0,-1.46147790046683
12,Nonunion (GSE226565),osteogen,H3,5,39,39.0,-0.575472940516129
12,Nonunion (GSE226565),osteogen,H3,6,39,39.0,1.88751767705069
12,Nonunion (GSE226565),osteogen,H3,7,39,39.0,-0.009303710191896
12,Nonunion (GSE226565),osteogen,H3,8,39,39.0,0.543582371774531
12,Nonunion (GSE226565),osteogen,H3,9,39,39.0,-0.129342272243115
12,Nonunion (GSE226565),osteogen,H3,10,39,39.0,0.790714120124673
13,SERPINA3-KD osteo (GSE247528),osteogen,H2,1,8,8.0,-0.745932286326949
13,SERPINA3-KD osteo (GSE247528),osteogen,H2,2,8,8.0,-0.855763463535331
13,SERPINA3-KD osteo (GSE247528),osteogen,H2,3,8,8.0,0.686702876201075
13,SERPINA3-KD osteo (GSE247528),osteogen,H2,4,8,8.0,0.110751598350102
13,SERPINA3-KD osteo (GSE247528),osteogen,H2,5,8,8.0,1.73373574576979
13,SERPINA3-KD osteo (GSE247528),osteogen,H2,6,8,8.0,-1.05834943462802
13,SERPINA3-KD osteo (GSE247528),osteogen,H2,7,8,8.0,-0.678281604818705
13,SERPINA3-KD osteo (GSE247528),osteogen,H2,8,8,8.0,0.934894457634099
13,SERPINA3-KD osteo (GSE247528),osteogen,H2,9,8,8.0,-0.806551841658378
13,SERPINA3-KD osteo (GSE247528),osteogen,H2,10,8,8.0,1.49513954450764
13,SERPINA3-KD osteo (GSE247528),osteogen,H3,1,8,8.0,-0.160234626805009
13,SERPINA3-KD osteo (GSE247528),osteogen,H3,2,8,8.0,0.110958875079413
13,SERPINA3-KD osteo (GSE247528),osteogen,H3,3,8,8.0,0.798289553150201
13,SERPINA3-KD osteo (GSE247528),osteogen,H3,4,8,8.0,0.230668051810519
13,SERPINA3-KD osteo (GSE247528),osteogen,H3,5,8,8.0,0.605796458198709
13,SERPINA3-KD osteo (GSE247528),osteogen,H3,6,8,8.0,-1.01800559963063
13,SERPINA3-KD osteo (GSE247528),osteogen,H3,7,8,8.0,1.44818117797571
13,SERPINA3-KD osteo (GSE247528),osteogen,H3,8,8,8.0,-0.0126678796374938
13,SERPINA3-KD osteo (GSE247528),osteogen,H3,9,8,8.0,0.489006468300713
13,SERPINA3-KD osteo (GSE247528),osteogen,H3,10,8,8.0,-0.447314383752448
14,ERCC6L2-KD (GSE190542),osteogen,H1,1,38,38.0,-0.26924738061916
14,ERCC6L2-KD (GSE190542),osteogen,H1,2,38,38.0,0.853058936318295
14,ERCC6L2-KD (GSE190542),osteogen,H1,3,38,38.0,-0.112062338451782
14,ERCC6L2-KD (GSE190542),osteogen,H1,4,38,38.0,-0.774125150203655
14,ERCC6L2-KD (GSE190542),osteogen,H1,5,38,38.0,0.0739821706785333
14,ERCC6L2-KD (GSE190542),osteogen,H1,6,38,38.0,-0.138684079034511
14,ERCC6L2-KD (GSE190542),osteogen,H1,7,38,38.0,0.145583424722792
14,ERCC6L2-KD (GSE190542),osteogen,H1,8,38,38.0,0.408600216887464
14,ERCC6L2-KD (GSE190542),osteogen,H1,9,38,38.0,0.771320112875395
14,ERCC6L2-KD (GSE190542),osteogen,H1,10,38,38.0,-0.453282391292184
14,ERCC6L2-KD (GSE190542),osteogen,H2,1,59,59.0,-0.96727132308802
14,ERCC6L2-KD (GSE190542),osteogen,H2,2,59,59.0,0.640926355521339
14,ERCC6L2-KD (GSE190542),osteogen,H2,3,59,59.0,1.37934029003871
14,ERCC6L2-KD (GSE190542),osteogen,H2,4,59,59.0,0.999430483908904
14,ERCC6L2-KD (GSE190542),osteogen,H2,5,59,59.0,2.11886035565826
14,ERCC6L2-KD (GSE190542),osteogen,H2,6,59,59.0,-0.535913624014547
14,ERCC6L2-KD (GSE190542),osteogen,H2,7,59,59.0,-0.472052240011306
14,ERCC6L2-KD (GSE190542),osteogen,H2,8,59,59.0,0.170619775998034
14,ERCC6L2-KD (GSE190542),osteogen,H2,9,59,59.0,-1.07582419439027
14,ERCC6L2-KD (GSE190542),osteogen,H2,10,59,59.0,-0.484451692712941
14,ERCC6L2-KD (GSE190542),osteogen,H3,1,59,59.0,-2.57432759956136
14,ERCC6L2-KD (GSE190542),osteogen,H3,2,59,59.0,0.974589077886747
14,ERCC6L2-KD (GSE190542),osteogen,H3,3,59,59.0,-1.0360785467626
14,ERCC6L2-KD (GSE190542),osteogen,H3,4,59,59.0,1.7072647153304
14,ERCC6L2-KD (GSE190542),osteogen,H3,5,59,59.0,-1.61511673663466
14,ERCC6L2-KD (GSE190542),osteogen,H3,6,59,59.0,-1.36198371192794
14,ERCC6L2-KD (GSE190542),osteogen,H3,7,59,59.0,-0.101063282942667
14,ERCC6L2-KD (GSE190542),osteogen,H3,8,59,59.0,1.50388975586901
14,ERCC6L2-KD (GSE190542),osteogen,H3,9,59,59.0,0.828521022803719
14,ERCC6L2-KD (GSE190542),osteogen,H3,10,59,59.0,-0.0913189271589437
15,TP53 LFS (GSE102732),osteogen,H1,1,39,39.0,0.671214427155206
15,TP53 LFS (GSE102732),osteogen,H1,2,39,39.0,-1.87261072414347
15,TP53 LFS (GSE102732),osteogen,H1,3,39,39.0,0.677385893696803
15,TP53 LFS (GSE102732),osteogen,H1,4,39,39.0,0.0293968736879673
15,TP53 LFS (GSE102732),osteogen,H1,5,39,39.0,0.326247177464088
15,TP53 LFS (GSE102732),osteogen,H1,6,39,39.0,0.823281308377977
15,TP53 LFS (GSE102732),osteogen,H1,7,39,39.0,0.859885910152017
15,TP53 LFS (GSE102732),osteogen,H1,8,39,39.0,0.224316107008933
15,TP53 LFS (GSE102732),osteogen,H1,9,39,39.0,1.23309668386943
15,TP53 LFS (GSE102732),osteogen,H1,10,39,39.0,0.467841551563285
15,TP53 LFS (GSE102732),osteogen,H2,1,79,79.0,0.606728832485163
15,TP53 LFS (GSE102732),osteogen,H2,2,79,79.0,-0.843607427917889
15,TP53 LFS (GSE102732),osteogen,H2,3,79,79.0,-0.399687671634334
15,TP53 LFS (GSE102732),osteogen,H2,4,79,79.0,-0.325199849444738
15,TP53 LFS (GSE102732),osteogen,H2,5,79,79.0,-0.388652550256267
15,TP53 LFS (GSE102732),osteogen,H2,6,79,79.0,-0.385651094312609
15,TP53 LFS (GSE102732),osteogen,H2,7,79,79.0,0.227191660488351
15,TP53 LFS (GSE102732),osteogen,H2,8,79,79.0,0.999965980478886
15,TP53 LFS (GSE102732),osteogen,H2,9,79,79.0,-1.24014336778315
15,TP53 LFS (GSE102732),osteogen,H2,10,79,79.0,-0.0576015718944247
15,TP53 LFS (GSE102732),osteogen,H3,1,74,74.0,-0.275648593523748
15,TP53 LFS (GSE102732),osteogen,H3,2,74,74.0,-1.70684366009579
15,TP53 LFS (GSE102732),osteogen,H3,3,74,74.0,-1.41429739666573
15,TP53 LFS (GSE102732),osteogen,H3,4,74,74.0,0.548989744502071
15,TP53 LFS (GSE102732),osteogen,H3,5,74,74.0,-0.493121167256354
15,TP53 LFS (GSE102732),osteogen,H3,6,74,74.0,0.990515619652078
15,TP53 LFS (GSE102732),osteogen,H3,7,74,74.0,-0.152274731574818
15,TP53 LFS (GSE102732),osteogen,H3,8,74,74.0,-0.800338537656396
15,TP53 LFS (GSE102732),osteogen,H3,9,74,74.0,-0.311410266318386
15,TP53 LFS (GSE102732),osteogen,H3,10,74,74.0,0.768928456147246
16,YAP/TAZ-KD (GSE137035),osteogen,H1,1,12,12.0,0.47839398414602
16,YAP/TAZ-KD (GSE137035),osteogen,H1,2,12,12.0,-0.570775959032347
16,YAP/TAZ-KD (GSE137035),osteogen,H1,3,12,12.0,0.445115079121832
16,YAP/TAZ-KD (GSE137035),osteogen,H1,4,12,12.0,-0.167883314639462
16,YAP/TAZ-KD (GSE137035),osteogen,H1,5,12,12.0,-1.44160765905316
16,YAP/TAZ-KD (GSE137035),osteogen,H1,6,12,12.0,-0.346507074708601
16,YAP/TAZ-KD (GSE137035),osteogen,H1,7,12,12.0,-0.788818567698137
16,YAP/TAZ-KD (GSE137035),osteogen,H1,8,12,12.0,1.03137098455958
16,YAP/TAZ-KD (GSE137035),osteogen,H1,9,12,12.0,0.561188469445977
16,YAP/TAZ-KD (GSE137035),osteogen,H1,10,12,12.0,-1.81994286238236
16,YAP/TAZ-KD (GSE137035),osteogen,H2,1,24,24.0,-0.666272631013949
16,YAP/TAZ-KD (GSE137035),osteogen,H2,2,24,24.0,1.733625794414
16,YAP/TAZ-KD (GSE137035),osteogen,H2,3,24,24.0,-1.02328235921661
16,YAP/TAZ-KD (GSE137035),osteogen,H2,4,24,24.0,-0.85485683391948
16,YAP/TAZ-KD (GSE137035),osteogen,H2,5,24,24.0,-0.502370749279617
16,YAP/TAZ-KD (GSE137035),osteogen,H2,6,24,24.0,-0.78804425729015
16,YAP/TAZ-KD (GSE137035),osteogen,H2,7,24,24.0,-0.636340557658878
16,YAP/TAZ-KD (GSE137035),osteogen,H2,8,24,24.0,-0.8656382520899
16,YAP/TAZ-KD (GSE137035),osteogen,H2,9,24,24.0,-0.146720624570007
16,YAP/TAZ-KD (GSE137035),osteogen,H2,10,24,24.0,-0.156116061766429
16,YAP/TAZ-KD (GSE137035),osteogen,H3,1,14,14.0,-0.479341397170282
16,YAP/TAZ-KD (GSE137035),osteogen,H3,2,14,14.0,-0.933280788680119
16,YAP/TAZ-KD (GSE137035),osteogen,H3,3,14,14.0,-0.397907462637993
16,YAP/TAZ-KD (GSE137035),osteogen,H3,4,14,14.0,0.196449551462809
16,YAP/TAZ-KD (GSE137035),osteogen,H3,5,14,14.0,-0.108219229957937
16,YAP/TAZ-KD (GSE137035),osteogen,H3,6,14,14.0,-0.642055378709143
16,YAP/TAZ-KD (GSE137035),osteogen,H3,7,14,14.0,0.174363334986966
16,YAP/TAZ-KD (GSE137035),osteogen,H3,8,14,14.0,0.776617195136257
16,YAP/TAZ-KD (GSE137035),osteogen,H3,9,14,14.0,-0.0348739674213567
16,YAP/TAZ-KD (GSE137035),osteogen,H3,10,14,14.0,-0.530395238449633
17,RB1-mut isogen (GSE145235),osteogen,H1,1,47,47.0,-0.0642138858597672
17,RB1-mut isogen (GSE145235),osteogen,H1,2,47,47.0,-0.561753855890456
17,RB1-mut isogen (GSE145235),osteogen,H1,3,47,47.0,-0.632746368686585
17,RB1-mut isogen (GSE145235),osteogen,H1,4,47,47.0,0.951709172723997
17,RB1-mut isogen (GSE145235),osteogen,H1,5,47,47.0,1.90014431213887
17,RB1-mut isogen (GSE145235),osteogen,H1,6,47,47.0,0.39857081862161
17,RB1-mut isogen (GSE145235),osteogen,H1,7,47,47.0,1.22971273087521
17,RB1-mut isogen (GSE145235),osteogen,H1,8,47,47.0,1.82233012820108
17,RB1-mut isogen (GSE145235),osteogen,H1,9,47,47.0,-0.0671480152111997
17,RB1-mut isogen (GSE145235),osteogen,H1,10,47,47.0,-0.789803619861669
17,RB1-mut isogen (GSE145235),osteogen,H2,1,64,64.0,1.61715851859083
17,RB1-mut isogen (GSE145235),osteogen,H2,2,64,64.0,0.767264070699293
17,RB1-mut isogen (GSE145235),osteogen,H2,3,64,64.0,0.697702277975259
17,RB1-mut isogen (GSE145235),osteogen,H2,4,64,64.0,-0.110027048818591
17,RB1-mut isogen (GSE145235),osteogen,H2,5,64,64.0,-0.414771399200343
17,RB1-mut isogen (GSE145235),osteogen,H2,6,64,64.0,-0.206623422336678
17,RB1-mut isogen (GSE145235),osteogen,H2,7,64,64.0,-0.236556886678208
17,RB1-mut isogen (GSE145235),osteogen,H2,8,64,64.0,-0.959619504286652
17,RB1-mut isogen (GSE145235),osteogen,H2,9,64,64.0,-1.61259641646977
17,RB1-mut isogen (GSE145235),osteogen,H2,10,64,64.0,-0.29472246062442
17,RB1-mut isogen (GSE145235),osteogen,H3,1,64,64.0,1.02034932042798
17,RB1-mut isogen (GSE145235),osteogen,H3,2,64,64.0,-0.610755158294635
17,RB1-mut isogen (GSE145235),osteogen,H3,3,64,64.0,-0.867996338217602
17,RB1-mut isogen (GSE145235),osteogen,H3,4,64,64.0,0.895968617683428
17,RB1-mut isogen (GSE145235),osteogen,H3,5,64,64.0,1.94053906896764
17,RB1-mut isogen (GSE145235),osteogen,H3,6,64,64.0,-0.895403067251322
17,RB1-mut isogen (GSE145235),osteogen,H3,7,64,64.0,-1.39125530187189
17,RB1-mut isogen (GSE145235),osteogen,H3,8,64,64.0,-0.289304994906418
17,RB1-mut isogen (GSE145235),osteogen,H3,9,64,64.0,0.898624062189568
17,RB1-mut isogen (GSE145235),osteogen,H3,10,64,64.0,-0.0336712056027433
18,RB1-del isogen (GSE145235),osteogen,H1,1,54,54.0,2.09288373878399
18,RB1-del isogen (GSE145235),osteogen,H1,2,54,54.0,-1.31939181555841
18,RB1-del isogen (GSE145235),osteogen,H1,3,54,54.0,-0.965416490003931
18,RB1-del isogen (GSE145235),osteogen,H1,4,54,54.0,0.917091969931963
18,RB1-del isogen (GSE145235),osteogen,H1,5,54,54.0,0.181675456152326
18,RB1-del isogen (GSE145235),osteogen,H1,6,54,54.0,1.91325648907675
18,RB1-del isogen (GSE145235),osteogen,H1,7,54,54.0,0.133164245973835
18,RB1-del isogen (GSE145235),osteogen,H1,8,54,54.0,0.831628314282676
18,RB1-del isogen (GSE145235),osteogen,H1,9,54,54.0,-0.581934840322162
18,RB1-del isogen (GSE145235),osteogen,H1,10,54,54.0,0.769310401560636
18,RB1-del isogen (GSE145235),osteogen,H2,1,68,68.0,2.70099827273528
18,RB1-del isogen (GSE145235),osteogen,H2,2,68,68.0,0.276010052507684
18,RB1-del isogen (GSE145235),osteogen,H2,3,68,68.0,-0.634891205638558
18,RB1-del isogen (GSE145235),osteogen,H2,4,68,68.0,0.0374675427222276
18,RB1-del isogen (GSE145235),osteogen,H2,5,68,68.0,-2.99634499195987
18,RB1-del isogen (GSE145235),osteogen,H2,6,68,68.0,-0.335345902194858
18,RB1-del isogen (GSE145235),osteogen,H2,7,68,68.0,1.28064138384235
18,RB1-del isogen (GSE145235),osteogen,H2,8,68,68.0,-1.88382449347293
18,RB1-del isogen (GSE145235),osteogen,H2,9,68,68.0,-1.03243190627972
18,RB1-del isogen (GSE145235),osteogen,H2,10,68,68.0,-0.789051084980795
18,RB1-del isogen (GSE145235),osteogen,H3,1,68,68.0,0.513994717461073
18,RB1-del isogen (GSE145235),osteogen,H3,2,68,68.0,-0.0830365479625982
18,RB1-del isogen (GSE145235),osteogen,H3,3,68,68.0,-0.69956610086618
18,RB1-del isogen (GSE145235),osteogen,H3,4,68,68.0,-0.866760768236495
18,RB1-del isogen (GSE145235),osteogen,H3,5,68,68.0,0.0384841413488538
18,RB1-del isogen (GSE145235),osteogen,H3,6,68,68.0,-0.191449778685524
18,RB1-del isogen (GSE145235),osteogen,H3,7,68,68.0,-1.49027742047715
18,RB1-del isogen (GSE145235),osteogen,H3,8,68,68.0,-1.41544279713016
18,RB1-del isogen (GSE145235),osteogen,H3,9,68,68.0,-1.34778891701043
18,RB1-del isogen (GSE145235),osteogen,H3,10,68,68.0,0.214481523107554
